Zone Netherlands,Country,ZIP,Flow,LDM-0.2,LDM-0.4,LDM-0.5,LDM-0.6,LDM-0.7,LDM-0.8,LDM-1.0,LDM-1.2,LDM-1.5,LDM-1.6,LDM-2.0,LDM-2.4,LDM-2.5,LDM-2.8,LDM-3.0,LDM-3.2,LDM-3.6,LDM-4.0,LDM-4.5,LDM-4.8,LDM-5.0,LDM-5.2,LDM-5.6,LDM-6.0,LDM-6.5,LDM-6.8,LDM-7.0,LDM-7.2,LDM-7.5,LDM-7.6,LDM-8.0,LDM-8.4,LDM-8.5,LDM-8.8,LDM-9.0,LDM-9.2,LDM-9.5,LDM-9.6,LDM-10.0
NL,CH,1,Export,€125.36,€167.13,€211.23,€246.45,€263.75,€286.09,€335.95,€364.23,€429.59,€470.41,€527.27,€587.58,€616.76,€652.42,€672.61,€719.38,€740.68,€789.20,€818.52,€871.48,€893.76,€928.07,€962.31,€988.72,€1045.19,€1095.61,€1122.20,€1147.90,€1177.05,€1203.36,€1254.77,€1295.06,€1310.13,€1338.46,€1357.35,€1398.98,€1412.32,€1422.84,€1458.54
NL,CH,10,Export,€190.84,€265.35,€342.19,€400.53,€417.84,€440.88,€475.50,€506.27,€570.23,€599.87,€641.72,€714.76,€750.29,€800.00,€819.79,€866.55,€915.27,€961.31,€994.59,€1060.22,€1093.63,€1127.90,€1194.52,€1260.31,€1330.64,€1393.81,€1416.51,€1453.04,€1473.25,€1505.34,€1530.00,€1568.48,€1586.74,€1620.79,€1643.49,€1714.57,€1752.07,€1815.26,€1860.66
NL,CH,11,Export,€190.84,€265.35,€342.19,€400.53,€417.84,€440.88,€475.50,€506.27,€570.23,€599.87,€641.72,€714.76,€750.29,€800.00,€819.79,€866.55,€915.27,€961.31,€994.59,€1060.22,€1093.63,€1127.90,€1194.52,€1260.31,€1330.64,€1393.81,€1416.51,€1453.04,€1473.25,€1505.34,€1530.00,€1568.48,€1586.74,€1620.79,€1643.49,€1714.57,€1752.07,€1815.26,€1860.66
NL,CH,12,Export,€200.48,€278.83,€359.53,€419.80,€437.10,€474.83,€561.28,€589.56,€624.90,€670.11,€705.12,€785.21,€824.28,€851.36,€871.16,€923.21,€976.82,€1035.66,€1072.24,€1142.92,€1178.87,€1215.66,€1287.34,€1358.20,€1433.60,€1502.61,€1539.32,€1575.16,€1613.79,€1649.58,€1677.94,€1719.95,€1739.97,€1777.19,€1802.00,€1880.13,€1921.16,€1990.69,€2040.31
NL,CH,13,Export,€190.84,€265.35,€342.19,€400.53,€417.84,€440.88,€475.50,€506.27,€570.23,€599.87,€641.72,€714.76,€750.29,€800.00,€819.79,€866.55,€915.27,€961.31,€994.59,€1060.22,€1093.63,€1127.90,€1194.52,€1260.31,€1330.64,€1393.81,€1416.51,€1453.04,€1473.25,€1505.34,€1530.00,€1568.48,€1586.74,€1620.79,€1643.49,€1714.57,€1752.07,€1815.26,€1860.66
NL,CH,14,Export,€190.84,€265.35,€342.19,€400.53,€417.84,€440.88,€475.50,€506.27,€570.23,€599.87,€641.72,€714.76,€750.29,€800.00,€819.79,€866.55,€915.27,€961.31,€994.59,€1060.22,€1093.63,€1127.90,€1194.52,€1260.31,€1330.64,€1393.81,€1416.51,€1453.04,€1473.25,€1505.34,€1530.00,€1568.48,€1586.74,€1620.79,€1643.49,€1714.57,€1752.07,€1815.26,€1860.66
NL,CH,15,Export,€190.84,€265.35,€342.19,€400.53,€417.84,€440.88,€475.50,€506.27,€570.23,€599.87,€641.72,€714.76,€750.29,€800.00,€819.79,€866.55,€915.27,€961.31,€994.59,€1060.22,€1093.63,€1127.90,€1194.52,€1260.31,€1330.64,€1393.81,€1416.51,€1453.04,€1473.25,€1505.34,€1530.00,€1568.48,€1586.74,€1620.79,€1643.49,€1714.57,€1752.07,€1815.26,€1860.66
NL,CH,16,Export,€190.84,€265.35,€342.19,€400.53,€417.84,€440.88,€475.50,€506.27,€570.23,€599.87,€641.72,€714.76,€750.29,€800.00,€819.79,€866.55,€915.27,€961.31,€994.59,€1060.22,€1093.63,€1127.90,€1194.52,€1260.31,€1330.64,€1393.81,€1416.51,€1453.04,€1473.25,€1505.34,€1530.00,€1568.48,€1586.74,€1620.79,€1643.49,€1714.57,€1752.07,€1815.26,€1860.66
NL,CH,17,Export,€190.84,€265.35,€342.19,€400.53,€417.84,€440.88,€475.50,€506.27,€570.23,€599.87,€641.72,€714.76,€750.29,€800.00,€819.79,€866.55,€915.27,€961.31,€994.59,€1060.22,€1093.63,€1127.90,€1194.52,€1260.31,€1330.64,€1393.81,€1416.51,€1453.04,€1473.25,€1505.34,€1530.00,€1568.48,€1586.74,€1620.79,€1643.49,€1714.57,€1752.07,€1815.26,€1860.66
NL,CH,18,Export,€190.84,€265.35,€342.19,€400.53,€417.84,€440.88,€475.50,€506.27,€570.23,€599.87,€641.72,€714.76,€750.29,€800.00,€819.79,€866.55,€915.27,€961.31,€994.59,€1060.22,€1093.63,€1127.90,€1194.52,€1260.31,€1330.64,€1393.81,€1416.51,€1453.04,€1473.25,€1505.34,€1530.00,€1568.48,€1586.74,€1620.79,€1643.49,€1714.57,€1752.07,€1815.26,€1860.66
NL,CH,19,Export,€190.84,€265.35,€342.19,€400.53,€417.84,€440.88,€475.50,€506.27,€570.23,€599.87,€641.72,€714.76,€750.29,€800.00,€819.79,€866.55,€915.27,€961.31,€994.59,€1060.22,€1093.63,€1127.90,€1194.52,€1260.31,€1330.64,€1393.81,€1416.51,€1453.04,€1473.25,€1505.34,€1530.00,€1568.48,€1586.74,€1620.79,€1643.49,€1714.57,€1752.07,€1815.26,€1860.66
NL,CH,20,Export,€154.25,€209.50,€270.94,€315.80,€333.09,€363.13,€434.18,€464.38,€549.00,€570.27,€610.62,€680.21,€714.02,€738.04,€758.23,€804.99,€853.70,€887.45,€949.69,€999.28,€1032.59,€1066.77,€1133.58,€1201.06,€1267.83,€1327.48,€1349.15,€1383.94,€1403.30,€1433.82,€1457.44,€1494.20,€1511.60,€1544.10,€1565.75,€1633.38,€1669.16,€1729.23,€1772.55
NL,CH,21,Export,€190.84,€265.35,€342.19,€400.53,€417.84,€440.88,€475.50,€506.27,€570.23,€599.87,€641.72,€714.76,€750.29,€800.00,€819.79,€866.55,€915.27,€961.31,€994.59,€1060.22,€1093.63,€1127.90,€1194.52,€1260.31,€1330.64,€1393.81,€1416.51,€1453.04,€1473.25,€1505.34,€1530.00,€1568.48,€1586.74,€1620.79,€1643.49,€1714.57,€1752.07,€1815.26,€1860.66
NL,CH,22,Export,€190.84,€265.35,€342.19,€400.53,€417.84,€440.88,€475.50,€506.27,€570.23,€599.87,€641.72,€714.76,€750.29,€800.00,€819.79,€866.55,€915.27,€961.31,€994.59,€1060.22,€1093.63,€1127.90,€1194.52,€1260.31,€1330.64,€1393.81,€1416.51,€1453.04,€1473.25,€1505.34,€1530.00,€1568.48,€1586.74,€1620.79,€1643.49,€1714.57,€1752.07,€1815.26,€1860.66
NL,CH,23,Export,€154.25,€209.50,€270.94,€315.80,€333.09,€363.13,€434.18,€464.38,€549.00,€570.27,€610.62,€680.21,€714.02,€738.04,€758.23,€804.99,€853.70,€887.45,€949.69,€999.28,€1032.59,€1066.77,€1133.58,€1201.06,€1267.83,€1327.48,€1349.15,€1383.94,€1403.30,€1433.82,€1457.44,€1494.20,€1511.60,€1544.10,€1565.75,€1633.38,€1669.16,€1729.23,€1772.55
NL,CH,24,Export,€154.25,€209.50,€270.94,€315.80,€333.09,€363.13,€434.18,€464.38,€549.00,€570.27,€610.62,€680.21,€714.02,€738.04,€758.23,€804.99,€853.70,€887.45,€949.69,€999.28,€1032.59,€1066.77,€1133.58,€1201.06,€1267.83,€1327.48,€1349.15,€1383.94,€1403.30,€1433.82,€1457.44,€1494.20,€1511.60,€1544.10,€1565.75,€1633.38,€1669.16,€1729.23,€1772.55
NL,CH,25,Export,€154.25,€209.50,€270.94,€315.80,€333.09,€363.13,€434.18,€464.38,€549.00,€570.27,€610.62,€680.21,€714.02,€738.04,€758.23,€804.99,€853.70,€887.45,€949.69,€999.28,€1032.59,€1066.77,€1133.58,€1201.06,€1267.83,€1327.48,€1349.15,€1383.94,€1403.30,€1433.82,€1457.44,€1494.20,€1511.60,€1544.10,€1565.75,€1633.38,€1669.16,€1729.23,€1772.55
NL,CH,26,Export,€134.99,€182.52,€232.41,€275.34,€292.65,€316.90,€374.47,€402.74,€473.90,€510.05,€579.54,€645.67,€663.93,€685.04,€705.24,€751.99,€800.70,€849.14,€874.62,€932.40,€961.39,€992.21,€1019.43,€1055.56,€1115.06,€1168.51,€1196.61,€1223.83,€1254.52,€1282.36,€1315.85,€1378.66,€1405.76,€1435.65,€1462.89,€1490.10,€1508.73,€1524.50,€1551.44
NL,CH,27,Export,€134.99,€182.52,€232.41,€275.34,€292.65,€316.90,€374.47,€402.74,€473.90,€510.05,€579.54,€645.67,€663.93,€685.04,€705.24,€751.99,€800.70,€849.14,€874.62,€932.40,€961.39,€992.21,€1019.43,€1055.56,€1115.06,€1168.51,€1196.61,€1223.83,€1254.52,€1282.36,€1315.85,€1378.66,€1405.76,€1435.65,€1462.89,€1490.10,€1508.73,€1524.50,€1551.44
NL,CH,28,Export,€134.99,€182.52,€232.41,€275.34,€292.65,€316.90,€374.47,€402.74,€473.90,€510.05,€579.54,€645.67,€663.93,€685.04,€705.24,€751.99,€800.70,€849.14,€874.62,€932.40,€961.39,€992.21,€1019.43,€1055.56,€1115.06,€1168.51,€1196.61,€1223.83,€1254.52,€1282.36,€1315.85,€1378.66,€1405.76,€1435.65,€1462.89,€1490.10,€1508.73,€1524.50,€1551.44
NL,CH,29,Export,€134.99,€182.52,€232.41,€275.34,€292.65,€316.90,€374.47,€402.74,€473.90,€510.05,€579.54,€645.67,€663.93,€685.04,€705.24,€751.99,€800.70,€849.14,€874.62,€932.40,€961.39,€992.21,€1019.43,€1055.56,€1115.06,€1168.51,€1196.61,€1223.83,€1254.52,€1282.36,€1315.85,€1378.66,€1405.76,€1435.65,€1462.89,€1490.10,€1508.73,€1524.50,€1551.44
NL,CH,30,Export,€154.25,€209.50,€270.94,€315.80,€333.09,€363.13,€434.18,€464.38,€549.00,€570.27,€610.62,€680.21,€714.02,€738.04,€758.23,€804.99,€853.70,€887.45,€949.69,€999.28,€1032.59,€1066.77,€1133.58,€1201.06,€1267.83,€1327.48,€1349.15,€1383.94,€1403.30,€1433.82,€1457.44,€1494.20,€1511.60,€1544.10,€1565.75,€1633.38,€1669.16,€1729.23,€1772.55
NL,CH,31,Export,€154.25,€209.50,€270.94,€315.80,€333.09,€363.13,€434.18,€464.38,€549.00,€570.27,€610.62,€680.21,€714.02,€738.04,€758.23,€804.99,€853.70,€887.45,€949.69,€999.28,€1032.59,€1066.77,€1133.58,€1201.06,€1267.83,€1327.48,€1349.15,€1383.94,€1403.30,€1433.82,€1457.44,€1494.20,€1511.60,€1544.10,€1565.75,€1633.38,€1669.16,€1729.23,€1772.55
NL,CH,32,Export,€154.25,€209.50,€270.94,€315.80,€333.09,€363.13,€434.18,€464.38,€549.00,€570.27,€610.62,€680.21,€714.02,€738.04,€758.23,€804.99,€853.70,€887.45,€949.69,€999.28,€1032.59,€1066.77,€1133.58,€1201.06,€1267.83,€1327.48,€1349.15,€1383.94,€1403.30,€1433.82,€1457.44,€1494.20,€1511.60,€1544.10,€1565.75,€1633.38,€1669.16,€1729.23,€1772.55
NL,CH,33,Export,€134.99,€182.52,€232.41,€275.34,€292.65,€316.90,€374.47,€402.74,€473.90,€510.05,€579.54,€645.67,€663.93,€685.04,€705.24,€751.99,€800.70,€849.14,€874.62,€932.40,€961.39,€992.21,€1019.43,€1055.56,€1115.06,€1168.51,€1196.61,€1223.83,€1254.52,€1282.36,€1315.85,€1378.66,€1405.76,€1435.65,€1462.89,€1490.10,€1508.73,€1524.50,€1551.44
NL,CH,34,Export,€154.25,€209.50,€270.94,€315.80,€333.09,€363.13,€434.18,€464.38,€549.00,€570.27,€610.62,€680.21,€714.02,€738.04,€758.23,€804.99,€853.70,€887.45,€949.69,€999.28,€1032.59,€1066.77,€1133.58,€1201.06,€1267.83,€1327.48,€1349.15,€1383.94,€1403.30,€1433.82,€1457.44,€1494.20,€1511.60,€1544.10,€1565.75,€1633.38,€1669.16,€1729.23,€1772.55
NL,CH,35,Export,€154.25,€209.50,€270.94,€315.80,€333.09,€363.13,€434.18,€464.38,€549.00,€570.27,€610.62,€680.21,€714.02,€738.04,€758.23,€804.99,€853.70,€887.45,€949.69,€999.28,€1032.59,€1066.77,€1133.58,€1201.06,€1267.83,€1327.48,€1349.15,€1383.94,€1403.30,€1433.82,€1457.44,€1494.20,€1511.60,€1544.10,€1565.75,€1633.38,€1669.16,€1729.23,€1772.55
NL,CH,36,Export,€154.25,€209.50,€270.94,€315.80,€333.09,€363.13,€434.18,€464.38,€549.00,€570.27,€610.62,€680.21,€714.02,€738.04,€758.23,€804.99,€853.70,€887.45,€949.69,€999.28,€1032.59,€1066.77,€1133.58,€1201.06,€1267.83,€1327.48,€1349.15,€1383.94,€1403.30,€1433.82,€1457.44,€1494.20,€1511.60,€1544.10,€1565.75,€1633.38,€1669.16,€1729.23,€1772.55
NL,CH,37,Export,€190.84,€265.35,€342.19,€400.53,€417.84,€440.88,€475.50,€506.27,€570.23,€599.87,€641.72,€714.76,€750.29,€800.00,€819.79,€866.55,€915.27,€961.31,€994.59,€1060.22,€1093.63,€1127.90,€1194.52,€1260.31,€1330.64,€1393.81,€1416.51,€1453.04,€1473.25,€1505.34,€1530.00,€1568.48,€1586.74,€1620.79,€1643.49,€1714.57,€1752.07,€1815.26,€1860.66
NL,CH,38,Export,€190.84,€265.35,€342.19,€400.53,€417.84,€440.88,€475.50,€506.27,€570.23,€599.87,€641.72,€714.76,€750.29,€800.00,€819.79,€866.55,€915.27,€961.31,€994.59,€1060.22,€1093.63,€1127.90,€1194.52,€1260.31,€1330.64,€1393.81,€1416.51,€1453.04,€1473.25,€1505.34,€1530.00,€1568.48,€1586.74,€1620.79,€1643.49,€1714.57,€1752.07,€1815.26,€1860.66
NL,CH,39,Export,€200.48,€278.83,€359.53,€419.80,€437.10,€474.83,€561.28,€589.56,€624.90,€670.11,€705.12,€785.21,€824.28,€851.36,€871.16,€923.21,€976.82,€1035.66,€1072.24,€1142.92,€1178.87,€1215.66,€1287.34,€1358.20,€1433.60,€1502.61,€1539.32,€1575.16,€1613.79,€1649.58,€1677.94,€1719.95,€1739.97,€1777.19,€1802.00,€1880.13,€1921.16,€1990.69,€2040.31
NL,CH,40,Export,€125.36,€167.13,€211.23,€246.45,€263.75,€286.09,€335.95,€364.23,€429.59,€470.41,€527.27,€587.58,€616.76,€652.42,€672.61,€719.38,€740.68,€789.20,€818.52,€871.48,€893.76,€928.07,€962.31,€988.72,€1045.19,€1095.61,€1122.20,€1147.90,€1177.05,€1203.36,€1254.77,€1295.06,€1310.13,€1338.46,€1357.35,€1398.98,€1412.32,€1422.84,€1458.54
NL,CH,41,Export,€125.36,€167.13,€211.23,€246.45,€263.75,€286.09,€335.95,€364.23,€429.59,€470.41,€527.27,€587.58,€616.76,€652.42,€672.61,€719.38,€740.68,€789.20,€818.52,€871.48,€893.76,€928.07,€962.31,€988.72,€1045.19,€1095.61,€1122.20,€1147.90,€1177.05,€1203.36,€1254.77,€1295.06,€1310.13,€1338.46,€1357.35,€1398.98,€1412.32,€1422.84,€1458.54
NL,CH,42,Export,€125.36,€167.13,€211.23,€246.45,€263.75,€286.09,€335.95,€364.23,€429.59,€470.41,€527.27,€587.58,€616.76,€652.42,€672.61,€719.38,€740.68,€789.20,€818.52,€871.48,€893.76,€928.07,€962.31,€988.72,€1045.19,€1095.61,€1122.20,€1147.90,€1177.05,€1203.36,€1254.77,€1295.06,€1310.13,€1338.46,€1357.35,€1398.98,€1412.32,€1422.84,€1458.54
NL,CH,43,Export,€125.36,€167.13,€211.23,€246.45,€263.75,€286.09,€335.95,€364.23,€429.59,€470.41,€527.27,€587.58,€616.76,€652.42,€672.61,€719.38,€740.68,€789.20,€818.52,€871.48,€893.76,€928.07,€962.31,€988.72,€1045.19,€1095.61,€1122.20,€1147.90,€1177.05,€1203.36,€1254.77,€1295.06,€1310.13,€1338.46,€1357.35,€1398.98,€1412.32,€1422.84,€1458.54
NL,CH,44,Export,€125.36,€167.13,€211.23,€246.45,€263.75,€286.09,€335.95,€364.23,€429.59,€470.41,€527.27,€587.58,€616.76,€652.42,€672.61,€719.38,€740.68,€789.20,€818.52,€871.48,€893.76,€928.07,€962.31,€988.72,€1045.19,€1095.61,€1122.20,€1147.90,€1177.05,€1203.36,€1254.77,€1295.06,€1310.13,€1338.46,€1357.35,€1398.98,€1412.32,€1422.84,€1458.54
NL,CH,45,Export,€134.99,€182.52,€232.41,€275.34,€292.65,€316.90,€374.47,€402.74,€473.90,€510.05,€579.54,€645.67,€663.93,€685.04,€705.24,€751.99,€800.70,€849.14,€874.62,€932.40,€961.39,€992.21,€1019.43,€1055.56,€1115.06,€1168.51,€1196.61,€1223.83,€1254.52,€1282.36,€1315.85,€1378.66,€1405.76,€1435.65,€1462.89,€1490.10,€1508.73,€1524.50,€1551.44
NL,CH,46,Export,€134.99,€182.52,€232.41,€275.34,€292.65,€316.90,€374.47,€402.74,€473.90,€510.05,€579.54,€645.67,€663.93,€685.04,€705.24,€751.99,€800.70,€849.14,€874.62,€932.40,€961.39,€992.21,€1019.43,€1055.56,€1115.06,€1168.51,€1196.61,€1223.83,€1254.52,€1282.36,€1315.85,€1378.66,€1405.76,€1435.65,€1462.89,€1490.10,€1508.73,€1524.50,€1551.44
NL,CH,47,Export,€134.99,€182.52,€232.41,€275.34,€292.65,€316.90,€374.47,€402.74,€473.90,€510.05,€579.54,€645.67,€663.93,€685.04,€705.24,€751.99,€800.70,€849.14,€874.62,€932.40,€961.39,€992.21,€1019.43,€1055.56,€1115.06,€1168.51,€1196.61,€1223.83,€1254.52,€1282.36,€1315.85,€1378.66,€1405.76,€1435.65,€1462.89,€1490.10,€1508.73,€1524.50,€1551.44
NL,CH,48,Export,€134.99,€182.52,€232.41,€275.34,€292.65,€316.90,€374.47,€402.74,€473.90,€510.05,€579.54,€645.67,€663.93,€685.04,€705.24,€751.99,€800.70,€849.14,€874.62,€932.40,€961.39,€992.21,€1019.43,€1055.56,€1115.06,€1168.51,€1196.61,€1223.83,€1254.52,€1282.36,€1315.85,€1378.66,€1405.76,€1435.65,€1462.89,€1490.10,€1508.73,€1524.50,€1551.44
NL,CH,49,Export,€134.99,€182.52,€232.41,€275.34,€292.65,€316.90,€374.47,€402.74,€473.90,€510.05,€579.54,€645.67,€663.93,€685.04,€705.24,€751.99,€800.70,€849.14,€874.62,€932.40,€961.39,€992.21,€1019.43,€1055.56,€1115.06,€1168.51,€1196.61,€1223.83,€1254.52,€1282.36,€1315.85,€1378.66,€1405.76,€1435.65,€1462.89,€1490.10,€1508.73,€1524.50,€1551.44
NL,CH,50,Export,€134.99,€182.52,€232.41,€275.34,€292.65,€316.90,€374.47,€402.74,€473.90,€510.05,€579.54,€645.67,€663.93,€685.04,€705.24,€751.99,€800.70,€849.14,€874.62,€932.40,€961.39,€992.21,€1019.43,€1055.56,€1115.06,€1168.51,€1196.61,€1223.83,€1254.52,€1282.36,€1315.85,€1378.66,€1405.76,€1435.65,€1462.89,€1490.10,€1508.73,€1524.50,€1551.44
NL,CH,51,Export,€134.99,€182.52,€232.41,€275.34,€292.65,€316.90,€374.47,€402.74,€473.90,€510.05,€579.54,€645.67,€663.93,€685.04,€705.24,€751.99,€800.70,€849.14,€874.62,€932.40,€961.39,€992.21,€1019.43,€1055.56,€1115.06,€1168.51,€1196.61,€1223.83,€1254.52,€1282.36,€1315.85,€1378.66,€1405.76,€1435.65,€1462.89,€1490.10,€1508.73,€1524.50,€1551.44
NL,CH,52,Export,€134.99,€182.52,€232.41,€275.34,€292.65,€316.90,€374.47,€402.74,€473.90,€510.05,€579.54,€645.67,€663.93,€685.04,€705.24,€751.99,€800.70,€849.14,€874.62,€932.40,€961.39,€992.21,€1019.43,€1055.56,€1115.06,€1168.51,€1196.61,€1223.83,€1254.52,€1282.36,€1315.85,€1378.66,€1405.76,€1435.65,€1462.89,€1490.10,€1508.73,€1524.50,€1551.44
NL,CH,53,Export,€134.99,€182.52,€232.41,€275.34,€292.65,€316.90,€374.47,€402.74,€473.90,€510.05,€579.54,€645.67,€663.93,€685.04,€705.24,€751.99,€800.70,€849.14,€874.62,€932.40,€961.39,€992.21,€1019.43,€1055.56,€1115.06,€1168.51,€1196.61,€1223.83,€1254.52,€1282.36,€1315.85,€1378.66,€1405.76,€1435.65,€1462.89,€1490.10,€1508.73,€1524.50,€1551.44
NL,CH,54,Export,€134.99,€182.52,€232.41,€275.34,€292.65,€316.90,€374.47,€402.74,€473.90,€510.05,€579.54,€645.67,€663.93,€685.04,€705.24,€751.99,€800.70,€849.14,€874.62,€932.40,€961.39,€992.21,€1019.43,€1055.56,€1115.06,€1168.51,€1196.61,€1223.83,€1254.52,€1282.36,€1315.85,€1378.66,€1405.76,€1435.65,€1462.89,€1490.10,€1508.73,€1524.50,€1551.44
NL,CH,55,Export,€134.99,€182.52,€232.41,€275.34,€292.65,€316.90,€374.47,€402.74,€473.90,€510.05,€579.54,€645.67,€663.93,€685.04,€705.24,€751.99,€800.70,€849.14,€874.62,€932.40,€961.39,€992.21,€1019.43,€1055.56,€1115.06,€1168.51,€1196.61,€1223.83,€1254.52,€1282.36,€1315.85,€1378.66,€1405.76,€1435.65,€1462.89,€1490.10,€1508.73,€1524.50,€1551.44
NL,CH,56,Export,€134.99,€182.52,€232.41,€275.34,€292.65,€316.90,€374.47,€402.74,€473.90,€510.05,€579.54,€645.67,€663.93,€685.04,€705.24,€751.99,€800.70,€849.14,€874.62,€932.40,€961.39,€992.21,€1019.43,€1055.56,€1115.06,€1168.51,€1196.61,€1223.83,€1254.52,€1282.36,€1315.85,€1378.66,€1405.76,€1435.65,€1462.89,€1490.10,€1508.73,€1524.50,€1551.44
NL,CH,57,Export,€134.99,€182.52,€232.41,€275.34,€292.65,€316.90,€374.47,€402.74,€473.90,€510.05,€579.54,€645.67,€663.93,€685.04,€705.24,€751.99,€800.70,€849.14,€874.62,€932.40,€961.39,€992.21,€1019.43,€1055.56,€1115.06,€1168.51,€1196.61,€1223.83,€1254.52,€1282.36,€1315.85,€1378.66,€1405.76,€1435.65,€1462.89,€1490.10,€1508.73,€1524.50,€1551.44
NL,CH,60,Export,€154.25,€209.50,€270.94,€315.80,€333.09,€363.13,€434.18,€464.38,€549.00,€570.27,€610.62,€680.21,€714.02,€738.04,€758.23,€804.99,€853.70,€887.45,€949.69,€999.28,€1032.59,€1066.77,€1133.58,€1201.06,€1267.83,€1327.48,€1349.15,€1383.94,€1403.30,€1433.82,€1457.44,€1494.20,€1511.60,€1544.10,€1565.75,€1633.38,€1669.16,€1729.23,€1772.55
NL,CH,61,Export,€154.25,€209.50,€270.94,€315.80,€333.09,€363.13,€434.18,€464.38,€549.00,€570.27,€610.62,€680.21,€714.02,€738.04,€758.23,€804.99,€853.70,€887.45,€949.69,€999.28,€1032.59,€1066.77,€1133.58,€1201.06,€1267.83,€1327.48,€1349.15,€1383.94,€1403.30,€1433.82,€1457.44,€1494.20,€1511.60,€1544.10,€1565.75,€1633.38,€1669.16,€1729.23,€1772.55
NL,CH,62,Export,€154.25,€209.50,€270.94,€315.80,€333.09,€363.13,€434.18,€464.38,€549.00,€570.27,€610.62,€680.21,€714.02,€738.04,€758.23,€804.99,€853.70,€887.45,€949.69,€999.28,€1032.59,€1066.77,€1133.58,€1201.06,€1267.83,€1327.48,€1349.15,€1383.94,€1403.30,€1433.82,€1457.44,€1494.20,€1511.60,€1544.10,€1565.75,€1633.38,€1669.16,€1729.23,€1772.55
NL,CH,63,Export,€154.25,€209.50,€270.94,€315.80,€333.09,€363.13,€434.18,€464.38,€549.00,€570.27,€610.62,€680.21,€714.02,€738.04,€758.23,€804.99,€853.70,€887.45,€949.69,€999.28,€1032.59,€1066.77,€1133.58,€1201.06,€1267.83,€1327.48,€1349.15,€1383.94,€1403.30,€1433.82,€1457.44,€1494.20,€1511.60,€1544.10,€1565.75,€1633.38,€1669.16,€1729.23,€1772.55
NL,CH,64,Export,€190.84,€265.35,€342.19,€400.53,€417.84,€440.88,€475.50,€506.27,€570.23,€599.87,€641.72,€714.76,€750.29,€800.00,€819.79,€866.55,€915.27,€961.31,€994.59,€1060.22,€1093.63,€1127.90,€1194.52,€1260.31,€1330.64,€1393.81,€1416.51,€1453.04,€1473.25,€1505.34,€1530.00,€1568.48,€1586.74,€1620.79,€1643.49,€1714.57,€1752.07,€1815.26,€1860.66
NL,CH,65,Export,€200.48,€278.83,€359.53,€419.80,€437.10,€474.83,€561.28,€589.56,€624.90,€670.11,€705.12,€785.21,€824.28,€851.36,€871.16,€923.21,€976.82,€1035.66,€1072.24,€1142.92,€1178.87,€1215.66,€1287.34,€1358.20,€1433.60,€1502.61,€1539.32,€1575.16,€1613.79,€1649.58,€1677.94,€1719.95,€1739.97,€1777.19,€1802.00,€1880.13,€1921.16,€1990.69,€2040.31
NL,CH,66,Export,€200.48,€278.83,€359.53,€419.80,€437.10,€474.83,€561.28,€589.56,€624.90,€670.11,€705.12,€785.21,€824.28,€851.36,€871.16,€923.21,€976.82,€1035.66,€1072.24,€1142.92,€1178.87,€1215.66,€1287.34,€1358.20,€1433.60,€1502.61,€1539.32,€1575.16,€1613.79,€1649.58,€1677.94,€1719.95,€1739.97,€1777.19,€1802.00,€1880.13,€1921.16,€1990.69,€2040.31
NL,CH,67,Export,€200.48,€278.83,€359.53,€419.80,€437.10,€474.83,€561.28,€589.56,€624.90,€670.11,€705.12,€785.21,€824.28,€851.36,€871.16,€923.21,€976.82,€1035.66,€1072.24,€1142.92,€1178.87,€1215.66,€1287.34,€1358.20,€1433.60,€1502.61,€1539.32,€1575.16,€1613.79,€1649.58,€1677.94,€1719.95,€1739.97,€1777.19,€1802.00,€1880.13,€1921.16,€1990.69,€2040.31
NL,CH,68,Export,€200.48,€278.83,€359.53,€419.80,€437.10,€474.83,€561.28,€589.56,€624.90,€670.11,€705.12,€785.21,€824.28,€851.36,€871.16,€923.21,€976.82,€1035.66,€1072.24,€1142.92,€1178.87,€1215.66,€1287.34,€1358.20,€1433.60,€1502.61,€1539.32,€1575.16,€1613.79,€1649.58,€1677.94,€1719.95,€1739.97,€1777.19,€1802.00,€1880.13,€1921.16,€1990.69,€2040.31
NL,CH,69,Export,€200.48,€278.83,€359.53,€419.80,€437.10,€474.83,€561.28,€589.56,€624.90,€670.11,€705.12,€785.21,€824.28,€851.36,€871.16,€923.21,€976.82,€1035.66,€1072.24,€1142.92,€1178.87,€1215.66,€1287.34,€1358.20,€1433.60,€1502.61,€1539.32,€1575.16,€1613.79,€1649.58,€1677.94,€1719.95,€1739.97,€1777.19,€1802.00,€1880.13,€1921.16,€1990.69,€2040.31
NL,CH,70,Export,€200.48,€278.83,€359.53,€419.80,€437.10,€474.83,€561.28,€589.56,€624.90,€670.11,€705.12,€785.21,€824.28,€851.36,€871.16,€923.21,€976.82,€1035.66,€1072.24,€1142.92,€1178.87,€1215.66,€1287.34,€1358.20,€1433.60,€1502.61,€1539.32,€1575.16,€1613.79,€1649.58,€1677.94,€1719.95,€1739.97,€1777.19,€1802.00,€1880.13,€1921.16,€1990.69,€2040.31
NL,CH,71,Export,€200.48,€278.83,€359.53,€419.80,€437.10,€474.83,€561.28,€589.56,€624.90,€670.11,€705.12,€785.21,€824.28,€851.36,€871.16,€923.21,€976.82,€1035.66,€1072.24,€1142.92,€1178.87,€1215.66,€1287.34,€1358.20,€1433.60,€1502.61,€1539.32,€1575.16,€1613.79,€1649.58,€1677.94,€1719.95,€1739.97,€1777.19,€1802.00,€1880.13,€1921.16,€1990.69,€2040.31
NL,CH,72,Export,€200.48,€278.83,€359.53,€419.80,€437.10,€474.83,€561.28,€589.56,€624.90,€670.11,€705.12,€785.21,€824.28,€851.36,€871.16,€923.21,€976.82,€1035.66,€1072.24,€1142.92,€1178.87,€1215.66,€1287.34,€1358.20,€1433.60,€1502.61,€1539.32,€1575.16,€1613.79,€1649.58,€1677.94,€1719.95,€1739.97,€1777.19,€1802.00,€1880.13,€1921.16,€1990.69,€2040.31
NL,CH,73,Export,€190.84,€265.35,€342.19,€400.53,€417.84,€440.88,€475.50,€506.27,€570.23,€599.87,€641.72,€714.76,€750.29,€800.00,€819.79,€866.55,€915.27,€961.31,€994.59,€1060.22,€1093.63,€1127.90,€1194.52,€1260.31,€1330.64,€1393.81,€1416.51,€1453.04,€1473.25,€1505.34,€1530.00,€1568.48,€1586.74,€1620.79,€1643.49,€1714.57,€1752.07,€1815.26,€1860.66
NL,CH,74,Export,€200.48,€278.83,€359.53,€419.80,€437.10,€474.83,€561.28,€589.56,€624.90,€670.11,€705.12,€785.21,€824.28,€851.36,€871.16,€923.21,€976.82,€1035.66,€1072.24,€1142.92,€1178.87,€1215.66,€1287.34,€1358.20,€1433.60,€1502.61,€1539.32,€1575.16,€1613.79,€1649.58,€1677.94,€1719.95,€1739.97,€1777.19,€1802.00,€1880.13,€1921.16,€1990.69,€2040.31
NL,CH,75,Export,€200.48,€278.83,€359.53,€419.80,€437.10,€474.83,€561.28,€589.56,€624.90,€670.11,€705.12,€785.21,€824.28,€851.36,€871.16,€923.21,€976.82,€1035.66,€1072.24,€1142.92,€1178.87,€1215.66,€1287.34,€1358.20,€1433.60,€1502.61,€1539.32,€1575.16,€1613.79,€1649.58,€1677.94,€1719.95,€1739.97,€1777.19,€1802.00,€1880.13,€1921.16,€1990.69,€2040.31
NL,CH,76,Export,€200.48,€278.83,€359.53,€419.80,€437.10,€474.83,€561.28,€589.56,€624.90,€670.11,€705.12,€785.21,€824.28,€851.36,€871.16,€923.21,€976.82,€1035.66,€1072.24,€1142.92,€1178.87,€1215.66,€1287.34,€1358.20,€1433.60,€1502.61,€1539.32,€1575.16,€1613.79,€1649.58,€1677.94,€1719.95,€1739.97,€1777.19,€1802.00,€1880.13,€1921.16,€1990.69,€2040.31
NL,CH,77,Export,€200.48,€278.83,€359.53,€419.80,€437.10,€474.83,€561.28,€589.56,€624.90,€670.11,€705.12,€785.21,€824.28,€851.36,€871.16,€923.21,€976.82,€1035.66,€1072.24,€1142.92,€1178.87,€1215.66,€1287.34,€1358.20,€1433.60,€1502.61,€1539.32,€1575.16,€1613.79,€1649.58,€1677.94,€1719.95,€1739.97,€1777.19,€1802.00,€1880.13,€1921.16,€1990.69,€2040.31
NL,CH,80,Export,€134.99,€182.52,€232.41,€275.34,€292.65,€316.90,€374.47,€402.74,€473.90,€510.05,€579.54,€645.67,€663.93,€685.04,€705.24,€751.99,€800.70,€849.14,€874.62,€932.40,€961.39,€992.21,€1019.43,€1055.56,€1115.06,€1168.51,€1196.61,€1223.83,€1254.52,€1282.36,€1315.85,€1378.66,€1405.76,€1435.65,€1462.89,€1490.10,€1508.73,€1524.50,€1551.44
NL,CH,81,Export,€134.99,€182.52,€232.41,€275.34,€292.65,€316.90,€374.47,€402.74,€473.90,€510.05,€579.54,€645.67,€663.93,€685.04,€705.24,€751.99,€800.70,€849.14,€874.62,€932.40,€961.39,€992.21,€1019.43,€1055.56,€1115.06,€1168.51,€1196.61,€1223.83,€1254.52,€1282.36,€1315.85,€1378.66,€1405.76,€1435.65,€1462.89,€1490.10,€1508.73,€1524.50,€1551.44
NL,CH,82,Export,€154.25,€209.50,€270.94,€315.80,€333.09,€363.13,€434.18,€464.38,€549.00,€570.27,€610.62,€680.21,€714.02,€738.04,€758.23,€804.99,€853.70,€887.45,€949.69,€999.28,€1032.59,€1066.77,€1133.58,€1201.06,€1267.83,€1327.48,€1349.15,€1383.94,€1403.30,€1433.82,€1457.44,€1494.20,€1511.60,€1544.10,€1565.75,€1633.38,€1669.16,€1729.23,€1772.55
NL,CH,83,Export,€134.99,€182.52,€232.41,€275.34,€292.65,€316.90,€374.47,€402.74,€473.90,€510.05,€579.54,€645.67,€663.93,€685.04,€705.24,€751.99,€800.70,€849.14,€874.62,€932.40,€961.39,€992.21,€1019.43,€1055.56,€1115.06,€1168.51,€1196.61,€1223.83,€1254.52,€1282.36,€1315.85,€1378.66,€1405.76,€1435.65,€1462.89,€1490.10,€1508.73,€1524.50,€1551.44
NL,CH,84,Export,€134.99,€182.52,€232.41,€275.34,€292.65,€316.90,€374.47,€402.74,€473.90,€510.05,€579.54,€645.67,€663.93,€685.04,€705.24,€751.99,€800.70,€849.14,€874.62,€932.40,€961.39,€992.21,€1019.43,€1055.56,€1115.06,€1168.51,€1196.61,€1223.83,€1254.52,€1282.36,€1315.85,€1378.66,€1405.76,€1435.65,€1462.89,€1490.10,€1508.73,€1524.50,€1551.44
NL,CH,85,Export,€154.25,€209.50,€270.94,€315.80,€333.09,€363.13,€434.18,€464.38,€549.00,€570.27,€610.62,€680.21,€714.02,€738.04,€758.23,€804.99,€853.70,€887.45,€949.69,€999.28,€1032.59,€1066.77,€1133.58,€1201.06,€1267.83,€1327.48,€1349.15,€1383.94,€1403.30,€1433.82,€1457.44,€1494.20,€1511.60,€1544.10,€1565.75,€1633.38,€1669.16,€1729.23,€1772.55
NL,CH,86,Export,€154.25,€209.50,€270.94,€315.80,€333.09,€363.13,€434.18,€464.38,€549.00,€570.27,€610.62,€680.21,€714.02,€738.04,€758.23,€804.99,€853.70,€887.45,€949.69,€999.28,€1032.59,€1066.77,€1133.58,€1201.06,€1267.83,€1327.48,€1349.15,€1383.94,€1403.30,€1433.82,€1457.44,€1494.20,€1511.60,€1544.10,€1565.75,€1633.38,€1669.16,€1729.23,€1772.55
NL,CH,87,Export,€154.25,€209.50,€270.94,€315.80,€333.09,€363.13,€434.18,€464.38,€549.00,€570.27,€610.62,€680.21,€714.02,€738.04,€758.23,€804.99,€853.70,€887.45,€949.69,€999.28,€1032.59,€1066.77,€1133.58,€1201.06,€1267.83,€1327.48,€1349.15,€1383.94,€1403.30,€1433.82,€1457.44,€1494.20,€1511.60,€1544.10,€1565.75,€1633.38,€1669.16,€1729.23,€1772.55
NL,CH,88,Export,€154.25,€209.50,€270.94,€315.80,€333.09,€363.13,€434.18,€464.38,€549.00,€570.27,€610.62,€680.21,€714.02,€738.04,€758.23,€804.99,€853.70,€887.45,€949.69,€999.28,€1032.59,€1066.77,€1133.58,€1201.06,€1267.83,€1327.48,€1349.15,€1383.94,€1403.30,€1433.82,€1457.44,€1494.20,€1511.60,€1544.10,€1565.75,€1633.38,€1669.16,€1729.23,€1772.55
NL,CH,89,Export,€154.25,€209.50,€270.94,€315.80,€333.09,€363.13,€434.18,€464.38,€549.00,€570.27,€610.62,€680.21,€714.02,€738.04,€758.23,€804.99,€853.70,€887.45,€949.69,€999.28,€1032.59,€1066.77,€1133.58,€1201.06,€1267.83,€1327.48,€1349.15,€1383.94,€1403.30,€1433.82,€1457.44,€1494.20,€1511.60,€1544.10,€1565.75,€1633.38,€1669.16,€1729.23,€1772.55
NL,CH,90,Export,€154.25,€209.50,€270.94,€315.80,€333.09,€363.13,€434.18,€464.38,€549.00,€570.27,€610.62,€680.21,€714.02,€738.04,€758.23,€804.99,€853.70,€887.45,€949.69,€999.28,€1032.59,€1066.77,€1133.58,€1201.06,€1267.83,€1327.48,€1349.15,€1383.94,€1403.30,€1433.82,€1457.44,€1494.20,€1511.60,€1544.10,€1565.75,€1633.38,€1669.16,€1729.23,€1772.55
NL,CH,91,Export,€154.25,€209.50,€270.94,€315.80,€333.09,€363.13,€434.18,€464.38,€549.00,€570.27,€610.62,€680.21,€714.02,€738.04,€758.23,€804.99,€853.70,€887.45,€949.69,€999.28,€1032.59,€1066.77,€1133.58,€1201.06,€1267.83,€1327.48,€1349.15,€1383.94,€1403.30,€1433.82,€1457.44,€1494.20,€1511.60,€1544.10,€1565.75,€1633.38,€1669.16,€1729.23,€1772.55
NL,CH,92,Export,€154.25,€209.50,€270.94,€315.80,€333.09,€363.13,€434.18,€464.38,€549.00,€570.27,€610.62,€680.21,€714.02,€738.04,€758.23,€804.99,€853.70,€887.45,€949.69,€999.28,€1032.59,€1066.77,€1133.58,€1201.06,€1267.83,€1327.48,€1349.15,€1383.94,€1403.30,€1433.82,€1457.44,€1494.20,€1511.60,€1544.10,€1565.75,€1633.38,€1669.16,€1729.23,€1772.55
NL,CH,93,Export,€154.25,€209.50,€270.94,€315.80,€333.09,€363.13,€434.18,€464.38,€549.00,€570.27,€610.62,€680.21,€714.02,€738.04,€758.23,€804.99,€853.70,€887.45,€949.69,€999.28,€1032.59,€1066.77,€1133.58,€1201.06,€1267.83,€1327.48,€1349.15,€1383.94,€1403.30,€1433.82,€1457.44,€1494.20,€1511.60,€1544.10,€1565.75,€1633.38,€1669.16,€1729.23,€1772.55
NL,CH,94,Export,€190.84,€265.35,€342.19,€400.53,€417.84,€440.88,€475.50,€506.27,€570.23,€599.87,€641.72,€714.76,€750.29,€800.00,€819.79,€866.55,€915.27,€961.31,€994.59,€1060.22,€1093.63,€1127.90,€1194.52,€1260.31,€1330.64,€1393.81,€1416.51,€1453.04,€1473.25,€1505.34,€1530.00,€1568.48,€1586.74,€1620.79,€1643.49,€1714.57,€1752.07,€1815.26,€1860.66
NL,CH,95,Export,€154.25,€209.50,€270.94,€315.80,€333.09,€363.13,€434.18,€464.38,€549.00,€570.27,€610.62,€680.21,€714.02,€738.04,€758.23,€804.99,€853.70,€887.45,€949.69,€999.28,€1032.59,€1066.77,€1133.58,€1201.06,€1267.83,€1327.48,€1349.15,€1383.94,€1403.30,€1433.82,€1457.44,€1494.20,€1511.60,€1544.10,€1565.75,€1633.38,€1669.16,€1729.23,€1772.55
NL,CH,96,Export,€154.25,€209.50,€270.94,€315.80,€333.09,€363.13,€434.18,€464.38,€549.00,€570.27,€610.62,€680.21,€714.02,€738.04,€758.23,€804.99,€853.70,€887.45,€949.69,€999.28,€1032.59,€1066.77,€1133.58,€1201.06,€1267.83,€1327.48,€1349.15,€1383.94,€1403.30,€1433.82,€1457.44,€1494.20,€1511.60,€1544.10,€1565.75,€1633.38,€1669.16,€1729.23,€1772.55
NL,DE,1,Export,€80.08,€120.15,€190.12,€225.34,€341.95,€319.97,€395.46,€452.96,€506.44,€559.93,€613.41,€666.90,€720.39,€771.65,€826.77,€844.25,€916.85,€955.83,€973.31,€1009.61,€1028.43,€1047.25,€1083.54,€1101.02,€1138.66,€1174.96,€1193.79,€1230.08,€1248.90,€1267.72,€1283.85,€1302.67,€1340.32,€1376.61,€1395.43,€1433.08,€1450.55,€1468.03,€1505.67,€1524.49,€1560.79
NL,DE,19,Export,€74.99,€109.60,€169.08,€204.37,€301.01,€288.42,€354.39,€405.99,€463.80,€492.03,€505.47,€549.84,€578.07,€607.65,€649.32,€666.80,€721.91,€752.84,€764.93,€794.51,€809.30,€824.08,€853.66,€865.76,€895.33,€926.26,€939.70,€967.93,€982.72,€996.16,€1012.30,€1027.08,€1055.32,€1084.89,€1098.34,€1127.91,€1142.69,€1156.14,€1185.71,€1199.16,€1228.73
NL,DE,20,Export,€73.41,€105.46,€162.03,€196.40,€287.62,€279.03,€342.41,€369.69,€420.78,€447.67,€463.80,€500.10,€526.99,€555.22,€594.20,€607.65,€661.42,€685.61,€700.41,€725.95,€739.39,€754.18,€779.73,€790.47,€817.36,€844.25,€857.70,€884.58,€899.37,€910.12,€926.26,€937.01,€963.90,€989.44,€1002.89,€1031.11,€1043.21,€1056.65,€1083.54,€1095.64,€1122.53
NL,DE,21,Export,€73.13,€104.86,€160.39,€194.66,€279.52,€271.36,€287.60,€305.17,€349.53,€371.04,€384.48,€415.41,€436.91,€461.12,€492.03,€501.44,€547.15,€568.66,€579.42,€600.92,€613.02,€622.44,€645.29,€656.04,€678.89,€700.41,€709.82,€734.02,€744.77,€755.52,€764.93,€777.03,€799.89,€820.05,€832.15,€853.66,€863.07,€876.51,€895.33,€907.44,€930.29
NL,DE,22,Export,€73.41,€105.46,€162.03,€196.40,€287.62,€279.03,€342.41,€369.69,€420.78,€447.67,€463.80,€500.10,€526.99,€555.22,€594.20,€607.65,€661.42,€685.61,€700.41,€725.95,€739.39,€754.18,€779.73,€790.47,€817.36,€844.25,€857.70,€884.58,€899.37,€910.12,€926.26,€937.01,€963.90,€989.44,€1002.89,€1031.11,€1043.21,€1056.65,€1083.54,€1095.64,€1122.53
NL,DE,23,Export,€74.99,€109.60,€169.08,€204.37,€301.01,€288.42,€354.39,€405.99,€463.80,€492.03,€505.47,€549.84,€578.07,€607.65,€649.32,€666.80,€721.91,€752.84,€764.93,€794.51,€809.30,€824.08,€853.66,€865.76,€895.33,€926.26,€939.70,€967.93,€982.72,€996.16,€1012.30,€1027.08,€1055.32,€1084.89,€1098.34,€1127.91,€1142.69,€1156.14,€1185.71,€1199.16,€1228.73
NL,DE,24,Export,€74.99,€109.60,€169.08,€204.37,€301.01,€288.42,€354.39,€405.99,€463.80,€492.03,€505.47,€549.84,€578.07,€607.65,€649.32,€666.80,€721.91,€752.84,€764.93,€794.51,€809.30,€824.08,€853.66,€865.76,€895.33,€926.26,€939.70,€967.93,€982.72,€996.16,€1012.30,€1027.08,€1055.32,€1084.89,€1098.34,€1127.91,€1142.69,€1156.14,€1185.71,€1199.16,€1228.73
NL,DE,25,Export,€74.99,€109.60,€169.08,€204.37,€301.01,€288.42,€354.39,€405.99,€463.80,€492.03,€505.47,€549.84,€578.07,€607.65,€649.32,€666.80,€721.91,€752.84,€764.93,€794.51,€809.30,€824.08,€853.66,€865.76,€895.33,€926.26,€939.70,€967.93,€982.72,€996.16,€1012.30,€1027.08,€1055.32,€1084.89,€1098.34,€1127.91,€1142.69,€1156.14,€1185.71,€1199.16,€1228.73
NL,DE,26,Export,€72.90,€105.12,€157.93,€193.82,€218.89,€235.55,€252.21,€268.87,€307.85,€326.68,€336.09,€365.67,€385.83,€401.96,€432.88,€442.29,€481.28,€498.75,€509.51,€526.99,€539.08,€548.49,€567.31,€575.38,€595.55,€615.72,€623.78,€643.94,€653.35,€662.76,€673.52,€682.93,€701.75,€719.23,€731.32,€751.49,€759.56,€768.97,€786.45,€795.86,€816.02
NL,DE,27,Export,€72.90,€105.12,€157.93,€193.82,€218.89,€235.55,€252.21,€268.87,€307.85,€326.68,€336.09,€365.67,€385.83,€401.96,€432.88,€442.29,€481.28,€498.75,€509.51,€526.99,€539.08,€548.49,€567.31,€575.38,€595.55,€615.72,€623.78,€643.94,€653.35,€662.76,€673.52,€682.93,€701.75,€719.23,€731.32,€751.49,€759.56,€768.97,€786.45,€795.86,€816.02
NL,DE,28,Export,€72.90,€105.12,€157.93,€193.82,€218.89,€235.55,€252.21,€268.87,€307.85,€326.68,€336.09,€365.67,€385.83,€401.96,€432.88,€442.29,€481.28,€498.75,€509.51,€526.99,€539.08,€548.49,€567.31,€575.38,€595.55,€615.72,€623.78,€643.94,€653.35,€662.76,€673.52,€682.93,€701.75,€719.23,€731.32,€751.49,€759.56,€768.97,€786.45,€795.86,€816.02
NL,DE,29,Export,€73.13,€104.86,€160.39,€194.66,€279.52,€271.36,€287.60,€305.17,€349.53,€371.04,€384.48,€415.41,€436.91,€461.12,€492.03,€501.44,€547.15,€568.66,€579.42,€600.92,€613.02,€622.44,€645.29,€656.04,€678.89,€700.41,€709.82,€734.02,€744.77,€755.52,€764.93,€777.03,€799.89,€820.05,€832.15,€853.66,€863.07,€876.51,€895.33,€907.44,€930.29
NL,DE,30,Export,€72.90,€105.12,€157.93,€193.82,€218.89,€235.55,€252.21,€268.87,€307.85,€326.68,€336.09,€365.67,€385.83,€401.96,€432.88,€442.29,€481.28,€498.75,€509.51,€526.99,€539.08,€548.49,€567.31,€575.38,€595.55,€615.72,€623.78,€643.94,€653.35,€662.76,€673.52,€682.93,€701.75,€719.23,€731.32,€751.49,€759.56,€768.97,€786.45,€795.86,€816.02
NL,DE,31,Export,€72.90,€105.12,€157.93,€193.82,€218.89,€235.55,€252.21,€268.87,€307.85,€326.68,€336.09,€365.67,€385.83,€401.96,€432.88,€442.29,€481.28,€498.75,€509.51,€526.99,€539.08,€548.49,€567.31,€575.38,€595.55,€615.72,€623.78,€643.94,€653.35,€662.76,€673.52,€682.93,€701.75,€719.23,€731.32,€751.49,€759.56,€768.97,€786.45,€795.86,€816.02
NL,DE,32,Export,€72.90,€105.12,€157.93,€193.82,€218.89,€235.55,€252.21,€268.87,€307.85,€326.68,€336.09,€365.67,€385.83,€401.96,€432.88,€442.29,€481.28,€498.75,€509.51,€526.99,€539.08,€548.49,€567.31,€575.38,€595.55,€615.72,€623.78,€643.94,€653.35,€662.76,€673.52,€682.93,€701.75,€719.23,€731.32,€751.49,€759.56,€768.97,€786.45,€795.86,€816.02
NL,DE,33,Export,€72.90,€105.12,€157.93,€193.82,€218.89,€235.55,€252.21,€268.87,€307.85,€326.68,€336.09,€365.67,€385.83,€401.96,€432.88,€442.29,€481.28,€498.75,€509.51,€526.99,€539.08,€548.49,€567.31,€575.38,€595.55,€615.72,€623.78,€643.94,€653.35,€662.76,€673.52,€682.93,€701.75,€719.23,€731.32,€751.49,€759.56,€768.97,€786.45,€795.86,€816.02
NL,DE,34,Export,€73.13,€104.86,€160.39,€194.66,€279.52,€271.36,€287.60,€305.17,€349.53,€371.04,€384.48,€415.41,€436.91,€461.12,€492.03,€501.44,€547.15,€568.66,€579.42,€600.92,€613.02,€622.44,€645.29,€656.04,€678.89,€700.41,€709.82,€734.02,€744.77,€755.52,€764.93,€777.03,€799.89,€820.05,€832.15,€853.66,€863.07,€876.51,€895.33,€907.44,€930.29
NL,DE,35,Export,€73.13,€104.86,€160.39,€194.66,€279.52,€271.36,€287.60,€305.17,€349.53,€371.04,€384.48,€415.41,€436.91,€461.12,€492.03,€501.44,€547.15,€568.66,€579.42,€600.92,€613.02,€622.44,€645.29,€656.04,€678.89,€700.41,€709.82,€734.02,€744.77,€755.52,€764.93,€777.03,€799.89,€820.05,€832.15,€853.66,€863.07,€876.51,€895.33,€907.44,€930.29
NL,DE,36,Export,€73.13,€104.86,€160.39,€194.66,€279.52,€271.36,€287.60,€305.17,€349.53,€371.04,€384.48,€415.41,€436.91,€461.12,€492.03,€501.44,€547.15,€568.66,€579.42,€600.92,€613.02,€622.44,€645.29,€656.04,€678.89,€700.41,€709.82,€734.02,€744.77,€755.52,€764.93,€777.03,€799.89,€820.05,€832.15,€853.66,€863.07,€876.51,€895.33,€907.44,€930.29
NL,DE,37,Export,€73.13,€104.86,€160.39,€194.66,€279.52,€271.36,€287.60,€305.17,€349.53,€371.04,€384.48,€415.41,€436.91,€461.12,€492.03,€501.44,€547.15,€568.66,€579.42,€600.92,€613.02,€622.44,€645.29,€656.04,€678.89,€700.41,€709.82,€734.02,€744.77,€755.52,€764.93,€777.03,€799.89,€820.05,€832.15,€853.66,€863.07,€876.51,€895.33,€907.44,€930.29
NL,DE,38,Export,€73.13,€104.86,€160.39,€194.66,€279.52,€271.36,€287.60,€305.17,€349.53,€371.04,€384.48,€415.41,€436.91,€461.12,€492.03,€501.44,€547.15,€568.66,€579.42,€600.92,€613.02,€622.44,€645.29,€656.04,€678.89,€700.41,€709.82,€734.02,€744.77,€755.52,€764.93,€777.03,€799.89,€820.05,€832.15,€853.66,€863.07,€876.51,€895.33,€907.44,€930.29
NL,DE,39,Export,€74.99,€109.60,€169.08,€204.37,€301.01,€288.42,€354.39,€405.99,€463.80,€492.03,€505.47,€549.84,€578.07,€607.65,€649.32,€666.80,€721.91,€752.84,€764.93,€794.51,€809.30,€824.08,€853.66,€865.76,€895.33,€926.26,€939.70,€967.93,€982.72,€996.16,€1012.30,€1027.08,€1055.32,€1084.89,€1098.34,€1127.91,€1142.69,€1156.14,€1185.71,€1199.16,€1228.73
NL,DE,40,Export,€67.78,€93.41,€139.32,€172.83,€186.78,€194.87,€202.95,€211.04,€219.13,€233.92,€239.29,€262.15,€275.59,€289.03,€309.20,€315.92,€344.15,€358.94,€364.32,€377.76,€385.83,€392.55,€407.34,€412.71,€424.82,€440.95,€446.32,€462.45,€467.84,€474.56,€481.28,€487.99,€500.10,€514.88,€521.60,€537.74,€544.46,€549.84,€564.63,€570.00,€583.44
NL,DE,41,Export,€67.78,€93.41,€139.32,€172.83,€186.78,€194.87,€202.95,€211.04,€219.13,€233.92,€239.29,€262.15,€275.59,€289.03,€309.20,€315.92,€344.15,€358.94,€364.32,€377.76,€385.83,€392.55,€407.34,€412.71,€424.82,€440.95,€446.32,€462.45,€467.84,€474.56,€481.28,€487.99,€500.10,€514.88,€521.60,€537.74,€544.46,€549.84,€564.63,€570.00,€583.44
NL,DE,42,Export,€67.78,€93.41,€139.32,€172.83,€186.78,€194.87,€202.95,€211.04,€219.13,€233.92,€239.29,€262.15,€275.59,€289.03,€309.20,€315.92,€344.15,€358.94,€364.32,€377.76,€385.83,€392.55,€407.34,€412.71,€424.82,€440.95,€446.32,€462.45,€467.84,€474.56,€481.28,€487.99,€500.10,€514.88,€521.60,€537.74,€544.46,€549.84,€564.63,€570.00,€583.44
NL,DE,43,Export,€67.78,€93.41,€139.32,€172.83,€186.78,€194.87,€202.95,€211.04,€219.13,€233.92,€239.29,€262.15,€275.59,€289.03,€309.20,€315.92,€344.15,€358.94,€364.32,€377.76,€385.83,€392.55,€407.34,€412.71,€424.82,€440.95,€446.32,€462.45,€467.84,€474.56,€481.28,€487.99,€500.10,€514.88,€521.60,€537.74,€544.46,€549.84,€564.63,€570.00,€583.44
NL,DE,44,Export,€67.78,€93.41,€139.32,€172.83,€186.78,€194.87,€202.95,€211.04,€219.13,€233.92,€239.29,€262.15,€275.59,€289.03,€309.20,€315.92,€344.15,€358.94,€364.32,€377.76,€385.83,€392.55,€407.34,€412.71,€424.82,€440.95,€446.32,€462.45,€467.84,€474.56,€481.28,€487.99,€500.10,€514.88,€521.60,€537.74,€544.46,€549.84,€564.63,€570.00,€583.44
NL,DE,45,Export,€67.78,€93.41,€139.32,€172.83,€186.78,€194.87,€202.95,€211.04,€219.13,€233.92,€239.29,€262.15,€275.59,€289.03,€309.20,€315.92,€344.15,€358.94,€364.32,€377.76,€385.83,€392.55,€407.34,€412.71,€424.82,€440.95,€446.32,€462.45,€467.84,€474.56,€481.28,€487.99,€500.10,€514.88,€521.60,€537.74,€544.46,€549.84,€564.63,€570.00,€583.44
NL,DE,46,Export,€66.94,€91.98,€137.03,€170.35,€176.46,€185.45,€194.43,€203.42,€212.40,€225.85,€231.23,€254.09,€266.18,€279.63,€297.11,€305.17,€333.40,€345.50,€352.22,€365.67,€371.04,€377.76,€392.55,€397.93,€412.71,€423.47,€431.54,€444.98,€450.36,€459.77,€466.49,€471.86,€485.31,€497.41,€504.14,€517.57,€524.29,€531.01,€545.81,€551.18,€564.63
NL,DE,47,Export,€66.94,€91.98,€137.03,€170.35,€176.46,€185.45,€194.43,€203.42,€212.40,€225.85,€231.23,€254.09,€266.18,€279.63,€297.11,€305.17,€333.40,€345.50,€352.22,€365.67,€371.04,€377.76,€392.55,€397.93,€412.71,€423.47,€431.54,€444.98,€450.36,€459.77,€466.49,€471.86,€485.31,€497.41,€504.14,€517.57,€524.29,€531.01,€545.81,€551.18,€564.63
NL,DE,48,Export,€67.78,€93.41,€139.32,€172.83,€186.78,€194.87,€202.95,€211.04,€219.13,€233.92,€239.29,€262.15,€275.59,€289.03,€309.20,€315.92,€344.15,€358.94,€364.32,€377.76,€385.83,€392.55,€407.34,€412.71,€424.82,€440.95,€446.32,€462.45,€467.84,€474.56,€481.28,€487.99,€500.10,€514.88,€521.60,€537.74,€544.46,€549.84,€564.63,€570.00,€583.44
NL,DE,49,Export,€67.78,€93.41,€139.32,€172.83,€186.78,€194.87,€202.95,€211.04,€219.13,€233.92,€239.29,€262.15,€275.59,€289.03,€309.20,€315.92,€344.15,€358.94,€364.32,€377.76,€385.83,€392.55,€407.34,€412.71,€424.82,€440.95,€446.32,€462.45,€467.84,€474.56,€481.28,€487.99,€500.10,€514.88,€521.60,€537.74,€544.46,€549.84,€564.63,€570.00,€583.44
NL,DE,50,Export,€67.78,€93.41,€139.32,€172.83,€186.78,€194.87,€202.95,€211.04,€219.13,€233.92,€239.29,€262.15,€275.59,€289.03,€309.20,€315.92,€344.15,€358.94,€364.32,€377.76,€385.83,€392.55,€407.34,€412.71,€424.82,€440.95,€446.32,€462.45,€467.84,€474.56,€481.28,€487.99,€500.10,€514.88,€521.60,€537.74,€544.46,€549.84,€564.63,€570.00,€583.44
NL,DE,51,Export,€67.78,€93.41,€139.32,€172.83,€186.78,€194.87,€202.95,€211.04,€219.13,€233.92,€239.29,€262.15,€275.59,€289.03,€309.20,€315.92,€344.15,€358.94,€364.32,€377.76,€385.83,€392.55,€407.34,€412.71,€424.82,€440.95,€446.32,€462.45,€467.84,€474.56,€481.28,€487.99,€500.10,€514.88,€521.60,€537.74,€544.46,€549.84,€564.63,€570.00,€583.44
NL,DE,52,Export,€67.78,€93.41,€139.32,€172.83,€186.78,€194.87,€202.95,€211.04,€219.13,€233.92,€239.29,€262.15,€275.59,€289.03,€309.20,€315.92,€344.15,€358.94,€364.32,€377.76,€385.83,€392.55,€407.34,€412.71,€424.82,€440.95,€446.32,€462.45,€467.84,€474.56,€481.28,€487.99,€500.10,€514.88,€521.60,€537.74,€544.46,€549.84,€564.63,€570.00,€583.44
NL,DE,53,Export,€67.78,€93.41,€139.32,€172.83,€186.78,€194.87,€202.95,€211.04,€219.13,€233.92,€239.29,€262.15,€275.59,€289.03,€309.20,€315.92,€344.15,€358.94,€364.32,€377.76,€385.83,€392.55,€407.34,€412.71,€424.82,€440.95,€446.32,€462.45,€467.84,€474.56,€481.28,€487.99,€500.10,€514.88,€521.60,€537.74,€544.46,€549.84,€564.63,€570.00,€583.44
NL,DE,54,Export,€73.13,€104.86,€160.39,€194.66,€279.52,€271.36,€287.60,€305.17,€349.53,€371.04,€384.48,€415.41,€436.91,€461.12,€492.03,€501.44,€547.15,€568.66,€579.42,€600.92,€613.02,€622.44,€645.29,€656.04,€678.89,€700.41,€709.82,€734.02,€744.77,€755.52,€764.93,€777.03,€799.89,€820.05,€832.15,€853.66,€863.07,€876.51,€895.33,€907.44,€930.29
NL,DE,55,Export,€73.13,€104.86,€160.39,€194.66,€279.52,€271.36,€287.60,€305.17,€349.53,€371.04,€384.48,€415.41,€436.91,€461.12,€492.03,€501.44,€547.15,€568.66,€579.42,€600.92,€613.02,€622.44,€645.29,€656.04,€678.89,€700.41,€709.82,€734.02,€744.77,€755.52,€764.93,€777.03,€799.89,€820.05,€832.15,€853.66,€863.07,€876.51,€895.33,€907.44,€930.29
NL,DE,56,Export,€72.90,€105.12,€157.93,€193.82,€218.89,€235.55,€252.21,€268.87,€307.85,€326.68,€336.09,€365.67,€385.83,€401.96,€432.88,€442.29,€481.28,€498.75,€509.51,€526.99,€539.08,€548.49,€567.31,€575.38,€595.55,€615.72,€623.78,€643.94,€653.35,€662.76,€673.52,€682.93,€701.75,€719.23,€731.32,€751.49,€759.56,€768.97,€786.45,€795.86,€816.02
NL,DE,57,Export,€72.90,€105.12,€157.93,€193.82,€218.89,€235.55,€252.21,€268.87,€307.85,€326.68,€336.09,€365.67,€385.83,€401.96,€432.88,€442.29,€481.28,€498.75,€509.51,€526.99,€539.08,€548.49,€567.31,€575.38,€595.55,€615.72,€623.78,€643.94,€653.35,€662.76,€673.52,€682.93,€701.75,€719.23,€731.32,€751.49,€759.56,€768.97,€786.45,€795.86,€816.02
NL,DE,60,Export,€73.13,€104.86,€160.39,€194.66,€279.52,€271.36,€287.60,€305.17,€349.53,€371.04,€384.48,€415.41,€436.91,€461.12,€492.03,€501.44,€547.15,€568.66,€579.42,€600.92,€613.02,€622.44,€645.29,€656.04,€678.89,€700.41,€709.82,€734.02,€744.77,€755.52,€764.93,€777.03,€799.89,€820.05,€832.15,€853.66,€863.07,€876.51,€895.33,€907.44,€930.29
NL,DE,61,Export,€73.13,€104.86,€160.39,€194.66,€279.52,€271.36,€287.60,€305.17,€349.53,€371.04,€384.48,€415.41,€436.91,€461.12,€492.03,€501.44,€547.15,€568.66,€579.42,€600.92,€613.02,€622.44,€645.29,€656.04,€678.89,€700.41,€709.82,€734.02,€744.77,€755.52,€764.93,€777.03,€799.89,€820.05,€832.15,€853.66,€863.07,€876.51,€895.33,€907.44,€930.29
NL,DE,63,Export,€73.13,€104.86,€160.39,€194.66,€279.52,€271.36,€287.60,€305.17,€349.53,€371.04,€384.48,€415.41,€436.91,€461.12,€492.03,€501.44,€547.15,€568.66,€579.42,€600.92,€613.02,€622.44,€645.29,€656.04,€678.89,€700.41,€709.82,€734.02,€744.77,€755.52,€764.93,€777.03,€799.89,€820.05,€832.15,€853.66,€863.07,€876.51,€895.33,€907.44,€930.29
NL,DE,64,Export,€73.41,€105.46,€162.03,€196.40,€287.62,€279.03,€342.41,€369.69,€420.78,€447.67,€463.80,€500.10,€526.99,€555.22,€594.20,€607.65,€661.42,€685.61,€700.41,€725.95,€739.39,€754.18,€779.73,€790.47,€817.36,€844.25,€857.70,€884.58,€899.37,€910.12,€926.26,€937.01,€963.90,€989.44,€1002.89,€1031.11,€1043.21,€1056.65,€1083.54,€1095.64,€1122.53
NL,DE,65,Export,€73.13,€104.86,€160.39,€194.66,€279.52,€271.36,€287.60,€305.17,€349.53,€371.04,€384.48,€415.41,€436.91,€461.12,€492.03,€501.44,€547.15,€568.66,€579.42,€600.92,€613.02,€622.44,€645.29,€656.04,€678.89,€700.41,€709.82,€734.02,€744.77,€755.52,€764.93,€777.03,€799.89,€820.05,€832.15,€853.66,€863.07,€876.51,€895.33,€907.44,€930.29
NL,DE,66,Export,€73.41,€105.46,€162.03,€196.40,€287.62,€279.03,€342.41,€369.69,€420.78,€447.67,€463.80,€500.10,€526.99,€555.22,€594.20,€607.65,€661.42,€685.61,€700.41,€725.95,€739.39,€754.18,€779.73,€790.47,€817.36,€844.25,€857.70,€884.58,€899.37,€910.12,€926.26,€937.01,€963.90,€989.44,€1002.89,€1031.11,€1043.21,€1056.65,€1083.54,€1095.64,€1122.53
NL,DE,67,Export,€73.41,€105.46,€162.03,€196.40,€287.62,€279.03,€342.41,€369.69,€420.78,€447.67,€463.80,€500.10,€526.99,€555.22,€594.20,€607.65,€661.42,€685.61,€700.41,€725.95,€739.39,€754.18,€779.73,€790.47,€817.36,€844.25,€857.70,€884.58,€899.37,€910.12,€926.26,€937.01,€963.90,€989.44,€1002.89,€1031.11,€1043.21,€1056.65,€1083.54,€1095.64,€1122.53
NL,DE,68,Export,€73.41,€105.46,€162.03,€196.40,€287.62,€279.03,€342.41,€369.69,€420.78,€447.67,€463.80,€500.10,€526.99,€555.22,€594.20,€607.65,€661.42,€685.61,€700.41,€725.95,€739.39,€754.18,€779.73,€790.47,€817.36,€844.25,€857.70,€884.58,€899.37,€910.12,€926.26,€937.01,€963.90,€989.44,€1002.89,€1031.11,€1043.21,€1056.65,€1083.54,€1095.64,€1122.53
NL,DE,69,Export,€73.41,€105.46,€162.03,€196.40,€287.62,€279.03,€342.41,€369.69,€420.78,€447.67,€463.80,€500.10,€526.99,€555.22,€594.20,€607.65,€661.42,€685.61,€700.41,€725.95,€739.39,€754.18,€779.73,€790.47,€817.36,€844.25,€857.70,€884.58,€899.37,€910.12,€926.26,€937.01,€963.90,€989.44,€1002.89,€1031.11,€1043.21,€1056.65,€1083.54,€1095.64,€1122.53
NL,DE,70,Export,€74.99,€109.60,€169.08,€204.37,€301.01,€288.42,€354.39,€405.99,€463.80,€492.03,€505.47,€549.84,€578.07,€607.65,€649.32,€666.80,€721.91,€752.84,€764.93,€794.51,€809.30,€824.08,€853.66,€865.76,€895.33,€926.26,€939.70,€967.93,€982.72,€996.16,€1012.30,€1027.08,€1055.32,€1084.89,€1098.34,€1127.91,€1142.69,€1156.14,€1185.71,€1199.16,€1228.73
NL,DE,71,Export,€74.99,€109.60,€169.08,€204.37,€301.01,€288.42,€354.39,€405.99,€463.80,€492.03,€505.47,€549.84,€578.07,€607.65,€649.32,€666.80,€721.91,€752.84,€764.93,€794.51,€809.30,€824.08,€853.66,€865.76,€895.33,€926.26,€939.70,€967.93,€982.72,€996.16,€1012.30,€1027.08,€1055.32,€1084.89,€1098.34,€1127.91,€1142.69,€1156.14,€1185.71,€1199.16,€1228.73
NL,DE,72,Export,€75.84,€111.03,€172.80,€207.63,€309.75,€294.20,€362.18,€430.16,€498.14,€566.12,€608.99,€662.76,€696.37,€732.67,€783.75,€802.58,€871.14,€906.09,€922.22,€958.52,€974.65,€992.13,€1028.43,€1045.91,€1079.51,€1114.47,€1133.29,€1168.23,€1183.03,€1200.51,€1222.01,€1238.14,€1271.75,€1305.37,€1324.18,€1359.13,€1376.61,€1394.09,€1429.04,€1446.52,€1480.12
NL,DE,73,Export,€75.84,€111.03,€172.80,€207.63,€309.75,€294.20,€362.18,€430.16,€498.14,€566.12,€608.99,€662.76,€696.37,€732.67,€783.75,€802.58,€871.14,€906.09,€922.22,€958.52,€974.65,€992.13,€1028.43,€1045.91,€1079.51,€1114.47,€1133.29,€1168.23,€1183.03,€1200.51,€1222.01,€1238.14,€1271.75,€1305.37,€1324.18,€1359.13,€1376.61,€1394.09,€1429.04,€1446.52,€1480.12
NL,DE,74,Export,€74.99,€109.60,€169.08,€204.37,€301.01,€288.42,€354.39,€405.99,€463.80,€492.03,€505.47,€549.84,€578.07,€607.65,€649.32,€666.80,€721.91,€752.84,€764.93,€794.51,€809.30,€824.08,€853.66,€865.76,€895.33,€926.26,€939.70,€967.93,€982.72,€996.16,€1012.30,€1027.08,€1055.32,€1084.89,€1098.34,€1127.91,€1142.69,€1156.14,€1185.71,€1199.16,€1228.73
NL,DE,75,Export,€74.99,€109.60,€169.08,€204.37,€301.01,€288.42,€354.39,€405.99,€463.80,€492.03,€505.47,€549.84,€578.07,€607.65,€649.32,€666.80,€721.91,€752.84,€764.93,€794.51,€809.30,€824.08,€853.66,€865.76,€895.33,€926.26,€939.70,€967.93,€982.72,€996.16,€1012.30,€1027.08,€1055.32,€1084.89,€1098.34,€1127.91,€1142.69,€1156.14,€1185.71,€1199.16,€1228.73
NL,DE,76,Export,€74.99,€109.60,€169.08,€204.37,€301.01,€288.42,€354.39,€405.99,€463.80,€492.03,€505.47,€549.84,€578.07,€607.65,€649.32,€666.80,€721.91,€752.84,€764.93,€794.51,€809.30,€824.08,€853.66,€865.76,€895.33,€926.26,€939.70,€967.93,€982.72,€996.16,€1012.30,€1027.08,€1055.32,€1084.89,€1098.34,€1127.91,€1142.69,€1156.14,€1185.71,€1199.16,€1228.73
NL,DE,77,Export,€75.84,€111.03,€172.80,€207.63,€309.75,€294.20,€362.18,€430.16,€498.14,€566.12,€608.99,€662.76,€696.37,€732.67,€783.75,€802.58,€871.14,€906.09,€922.22,€958.52,€974.65,€992.13,€1028.43,€1045.91,€1079.51,€1114.47,€1133.29,€1168.23,€1183.03,€1200.51,€1222.01,€1238.14,€1271.75,€1305.37,€1324.18,€1359.13,€1376.61,€1394.09,€1429.04,€1446.52,€1480.12
NL,DE,80,Export,€80.08,€120.15,€190.12,€225.34,€341.95,€319.97,€395.46,€452.96,€506.44,€559.93,€613.41,€666.90,€720.39,€771.65,€826.77,€844.25,€916.85,€955.83,€973.31,€1009.61,€1028.43,€1047.25,€1083.54,€1101.02,€1138.66,€1174.96,€1193.79,€1230.08,€1248.90,€1267.72,€1283.85,€1302.67,€1340.32,€1376.61,€1395.43,€1433.08,€1450.55,€1468.03,€1505.67,€1524.49,€1560.79
NL,DE,81,Export,€80.08,€120.15,€190.12,€225.34,€341.95,€319.97,€395.46,€452.96,€506.44,€559.93,€613.41,€666.90,€720.39,€771.65,€826.77,€844.25,€916.85,€955.83,€973.31,€1009.61,€1028.43,€1047.25,€1083.54,€1101.02,€1138.66,€1174.96,€1193.79,€1230.08,€1248.90,€1267.72,€1283.85,€1302.67,€1340.32,€1376.61,€1395.43,€1433.08,€1450.55,€1468.03,€1505.67,€1524.49,€1560.79
NL,DE,82,Export,€80.08,€120.15,€190.12,€225.34,€341.95,€319.97,€395.46,€452.96,€506.44,€559.93,€613.41,€666.90,€720.39,€771.65,€826.77,€844.25,€916.85,€955.83,€973.31,€1009.61,€1028.43,€1047.25,€1083.54,€1101.02,€1138.66,€1174.96,€1193.79,€1230.08,€1248.90,€1267.72,€1283.85,€1302.67,€1340.32,€1376.61,€1395.43,€1433.08,€1450.55,€1468.03,€1505.67,€1524.49,€1560.79
NL,DE,83,Export,€80.08,€120.15,€190.12,€225.34,€341.95,€319.97,€395.46,€452.96,€506.44,€559.93,€613.41,€666.90,€720.39,€771.65,€826.77,€844.25,€916.85,€955.83,€973.31,€1009.61,€1028.43,€1047.25,€1083.54,€1101.02,€1138.66,€1174.96,€1193.79,€1230.08,€1248.90,€1267.72,€1283.85,€1302.67,€1340.32,€1376.61,€1395.43,€1433.08,€1450.55,€1468.03,€1505.67,€1524.49,€1560.79
NL,DE,84,Export,€80.08,€120.15,€190.12,€225.34,€341.95,€319.97,€395.46,€452.96,€506.44,€559.93,€613.41,€666.90,€720.39,€771.65,€826.77,€844.25,€916.85,€955.83,€973.31,€1009.61,€1028.43,€1047.25,€1083.54,€1101.02,€1138.66,€1174.96,€1193.79,€1230.08,€1248.90,€1267.72,€1283.85,€1302.67,€1340.32,€1376.61,€1395.43,€1433.08,€1450.55,€1468.03,€1505.67,€1524.49,€1560.79
NL,DE,85,Export,€80.08,€120.15,€190.12,€225.34,€341.95,€319.97,€395.46,€452.96,€506.44,€559.93,€613.41,€666.90,€720.39,€771.65,€826.77,€844.25,€916.85,€955.83,€973.31,€1009.61,€1028.43,€1047.25,€1083.54,€1101.02,€1138.66,€1174.96,€1193.79,€1230.08,€1248.90,€1267.72,€1283.85,€1302.67,€1340.32,€1376.61,€1395.43,€1433.08,€1450.55,€1468.03,€1505.67,€1524.49,€1560.79
NL,DE,86,Export,€80.08,€120.15,€190.12,€225.34,€341.95,€319.97,€395.46,€452.96,€506.44,€559.93,€613.41,€666.90,€720.39,€771.65,€826.77,€844.25,€916.85,€955.83,€973.31,€1009.61,€1028.43,€1047.25,€1083.54,€1101.02,€1138.66,€1174.96,€1193.79,€1230.08,€1248.90,€1267.72,€1283.85,€1302.67,€1340.32,€1376.61,€1395.43,€1433.08,€1450.55,€1468.03,€1505.67,€1524.49,€1560.79
NL,DE,87,Export,€80.08,€120.15,€190.12,€225.34,€341.95,€319.97,€395.46,€452.96,€506.44,€559.93,€613.41,€666.90,€720.39,€771.65,€826.77,€844.25,€916.85,€955.83,€973.31,€1009.61,€1028.43,€1047.25,€1083.54,€1101.02,€1138.66,€1174.96,€1193.79,€1230.08,€1248.90,€1267.72,€1283.85,€1302.67,€1340.32,€1376.61,€1395.43,€1433.08,€1450.55,€1468.03,€1505.67,€1524.49,€1560.79
NL,DE,88,Export,€80.08,€120.15,€190.12,€225.34,€341.95,€319.97,€395.46,€452.96,€506.44,€559.93,€613.41,€666.90,€720.39,€771.65,€826.77,€844.25,€916.85,€955.83,€973.31,€1009.61,€1028.43,€1047.25,€1083.54,€1101.02,€1138.66,€1174.96,€1193.79,€1230.08,€1248.90,€1267.72,€1283.85,€1302.67,€1340.32,€1376.61,€1395.43,€1433.08,€1450.55,€1468.03,€1505.67,€1524.49,€1560.79
NL,DE,89,Export,€75.84,€111.03,€172.80,€207.63,€309.75,€294.20,€362.18,€430.16,€498.14,€566.12,€608.99,€662.76,€696.37,€732.67,€783.75,€802.58,€871.14,€906.09,€922.22,€958.52,€974.65,€992.13,€1028.43,€1045.91,€1079.51,€1114.47,€1133.29,€1168.23,€1183.03,€1200.51,€1222.01,€1238.14,€1271.75,€1305.37,€1324.18,€1359.13,€1376.61,€1394.09,€1429.04,€1446.52,€1480.12
NL,DE,90,Export,€75.84,€111.03,€172.80,€207.63,€309.75,€294.20,€362.18,€430.16,€498.14,€566.12,€608.99,€662.76,€696.37,€732.67,€783.75,€802.58,€871.14,€906.09,€922.22,€958.52,€974.65,€992.13,€1028.43,€1045.91,€1079.51,€1114.47,€1133.29,€1168.23,€1183.03,€1200.51,€1222.01,€1238.14,€1271.75,€1305.37,€1324.18,€1359.13,€1376.61,€1394.09,€1429.04,€1446.52,€1480.12
NL,DE,91,Export,€75.84,€111.03,€172.80,€207.63,€309.75,€294.20,€362.18,€430.16,€498.14,€566.12,€608.99,€662.76,€696.37,€732.67,€783.75,€802.58,€871.14,€906.09,€922.22,€958.52,€974.65,€992.13,€1028.43,€1045.91,€1079.51,€1114.47,€1133.29,€1168.23,€1183.03,€1200.51,€1222.01,€1238.14,€1271.75,€1305.37,€1324.18,€1359.13,€1376.61,€1394.09,€1429.04,€1446.52,€1480.12
NL,DE,92,Export,€75.84,€111.03,€172.80,€207.63,€309.75,€294.20,€362.18,€430.16,€498.14,€566.12,€608.99,€662.76,€696.37,€732.67,€783.75,€802.58,€871.14,€906.09,€922.22,€958.52,€974.65,€992.13,€1028.43,€1045.91,€1079.51,€1114.47,€1133.29,€1168.23,€1183.03,€1200.51,€1222.01,€1238.14,€1271.75,€1305.37,€1324.18,€1359.13,€1376.61,€1394.09,€1429.04,€1446.52,€1480.12
NL,DE,93,Export,€80.08,€120.15,€190.12,€225.34,€341.95,€319.97,€395.46,€452.96,€506.44,€559.93,€613.41,€666.90,€720.39,€771.65,€826.77,€844.25,€916.85,€955.83,€973.31,€1009.61,€1028.43,€1047.25,€1083.54,€1101.02,€1138.66,€1174.96,€1193.79,€1230.08,€1248.90,€1267.72,€1283.85,€1302.67,€1340.32,€1376.61,€1395.43,€1433.08,€1450.55,€1468.03,€1505.67,€1524.49,€1560.79
NL,DE,94,Export,€80.08,€120.15,€190.12,€225.34,€341.95,€319.97,€395.46,€452.96,€506.44,€559.93,€613.41,€666.90,€720.39,€771.65,€826.77,€844.25,€916.85,€955.83,€973.31,€1009.61,€1028.43,€1047.25,€1083.54,€1101.02,€1138.66,€1174.96,€1193.79,€1230.08,€1248.90,€1267.72,€1283.85,€1302.67,€1340.32,€1376.61,€1395.43,€1433.08,€1450.55,€1468.03,€1505.67,€1524.49,€1560.79
NL,DE,95,Export,€75.84,€111.03,€172.80,€207.63,€309.75,€294.20,€362.18,€430.16,€498.14,€566.12,€608.99,€662.76,€696.37,€732.67,€783.75,€802.58,€871.14,€906.09,€922.22,€958.52,€974.65,€992.13,€1028.43,€1045.91,€1079.51,€1114.47,€1133.29,€1168.23,€1183.03,€1200.51,€1222.01,€1238.14,€1271.75,€1305.37,€1324.18,€1359.13,€1376.61,€1394.09,€1429.04,€1446.52,€1480.12
NL,DE,96,Export,€74.99,€109.60,€169.08,€204.37,€301.01,€288.42,€354.39,€405.99,€463.80,€492.03,€505.47,€549.84,€578.07,€607.65,€649.32,€666.80,€721.91,€752.84,€764.93,€794.51,€809.30,€824.08,€853.66,€865.76,€895.33,€926.26,€939.70,€967.93,€982.72,€996.16,€1012.30,€1027.08,€1055.32,€1084.89,€1098.34,€1127.91,€1142.69,€1156.14,€1185.71,€1199.16,€1228.73
NL,DE,58,Export,€67.78,€93.41,€139.32,€172.83,€186.78,€194.87,€202.95,€211.04,€219.13,€233.92,€239.29,€262.15,€275.59,€289.03,€309.20,€315.92,€344.15,€358.94,€364.32,€377.76,€385.83,€392.55,€407.34,€412.71,€424.82,€440.95,€446.32,€462.45,€467.84,€474.56,€481.28,€487.99,€500.10,€514.88,€521.60,€537.74,€544.46,€549.84,€564.63,€570.00,€583.44
NL,DE,59,Export,€67.78,€93.41,€139.32,€172.83,€186.78,€194.87,€202.95,€211.04,€219.13,€233.92,€239.29,€262.15,€275.59,€289.03,€309.20,€315.92,€344.15,€358.94,€364.32,€377.76,€385.83,€392.55,€407.34,€412.71,€424.82,€440.95,€446.32,€462.45,€467.84,€474.56,€481.28,€487.99,€500.10,€514.88,€521.60,€537.74,€544.46,€549.84,€564.63,€570.00,€583.44
NL,DE,97,Export,€73.41,€105.46,€162.03,€196.40,€287.62,€279.03,€342.41,€369.69,€420.78,€447.67,€463.80,€500.10,€526.99,€555.22,€594.20,€607.65,€661.42,€685.61,€700.41,€725.95,€739.39,€754.18,€779.73,€790.47,€817.36,€844.25,€857.70,€884.58,€899.37,€910.12,€926.26,€937.01,€963.90,€989.44,€1002.89,€1031.11,€1043.21,€1056.65,€1083.54,€1095.64,€1122.53
NL,DE,98,Export,€74.99,€109.60,€169.08,€204.37,€301.01,€288.42,€354.39,€405.99,€463.80,€492.03,€505.47,€549.84,€578.07,€607.65,€649.32,€666.80,€721.91,€752.84,€764.93,€794.51,€809.30,€824.08,€853.66,€865.76,€895.33,€926.26,€939.70,€967.93,€982.72,€996.16,€1012.30,€1027.08,€1055.32,€1084.89,€1098.34,€1127.91,€1142.69,€1156.14,€1185.71,€1199.16,€1228.73
NL,DE,99,Export,€74.99,€109.60,€169.08,€204.37,€301.01,€288.42,€354.39,€405.99,€463.80,€492.03,€505.47,€549.84,€578.07,€607.65,€649.32,€666.80,€721.91,€752.84,€764.93,€794.51,€809.30,€824.08,€853.66,€865.76,€895.33,€926.26,€939.70,€967.93,€982.72,€996.16,€1012.30,€1027.08,€1055.32,€1084.89,€1098.34,€1127.91,€1142.69,€1156.14,€1185.71,€1199.16,€1228.73
NL,DE,4,Export,€75.84,€111.03,€172.80,€207.63,€309.75,€294.20,€362.18,€430.16,€498.14,€566.12,€608.99,€662.76,€696.37,€732.67,€783.75,€802.58,€871.14,€906.09,€922.22,€958.52,€974.65,€992.13,€1028.43,€1045.91,€1079.51,€1114.47,€1133.29,€1168.23,€1183.03,€1200.51,€1222.01,€1238.14,€1271.75,€1305.37,€1324.18,€1359.13,€1376.61,€1394.09,€1429.04,€1446.52,€1480.12
NL,DE,6,Export,€75.84,€111.03,€172.80,€207.63,€309.75,€294.20,€362.18,€430.16,€498.14,€566.12,€608.99,€662.76,€696.37,€732.67,€783.75,€802.58,€871.14,€906.09,€922.22,€958.52,€974.65,€992.13,€1028.43,€1045.91,€1079.51,€1114.47,€1133.29,€1168.23,€1183.03,€1200.51,€1222.01,€1238.14,€1271.75,€1305.37,€1324.18,€1359.13,€1376.61,€1394.09,€1429.04,€1446.52,€1480.12
NL,DE,7,Export,€75.84,€111.03,€172.80,€207.63,€309.75,€294.20,€362.18,€430.16,€498.14,€566.12,€608.99,€662.76,€696.37,€732.67,€783.75,€802.58,€871.14,€906.09,€922.22,€958.52,€974.65,€992.13,€1028.43,€1045.91,€1079.51,€1114.47,€1133.29,€1168.23,€1183.03,€1200.51,€1222.01,€1238.14,€1271.75,€1305.37,€1324.18,€1359.13,€1376.61,€1394.09,€1429.04,€1446.52,€1480.12
NL,DE,10,Export,€75.84,€111.03,€172.80,€207.63,€309.75,€294.20,€362.18,€430.16,€498.14,€566.12,€608.99,€662.76,€696.37,€732.67,€783.75,€802.58,€871.14,€906.09,€922.22,€958.52,€974.65,€992.13,€1028.43,€1045.91,€1079.51,€1114.47,€1133.29,€1168.23,€1183.03,€1200.51,€1222.01,€1238.14,€1271.75,€1305.37,€1324.18,€1359.13,€1376.61,€1394.09,€1429.04,€1446.52,€1480.12
NL,DE,12,Export,€75.84,€111.03,€172.80,€207.63,€309.75,€294.20,€362.18,€430.16,€498.14,€566.12,€608.99,€662.76,€696.37,€732.67,€783.75,€802.58,€871.14,€906.09,€922.22,€958.52,€974.65,€992.13,€1028.43,€1045.91,€1079.51,€1114.47,€1133.29,€1168.23,€1183.03,€1200.51,€1222.01,€1238.14,€1271.75,€1305.37,€1324.18,€1359.13,€1376.61,€1394.09,€1429.04,€1446.52,€1480.12
NL,DE,13,Export,€75.84,€111.03,€172.80,€207.63,€309.75,€294.20,€362.18,€430.16,€498.14,€566.12,€608.99,€662.76,€696.37,€732.67,€783.75,€802.58,€871.14,€906.09,€922.22,€958.52,€974.65,€992.13,€1028.43,€1045.91,€1079.51,€1114.47,€1133.29,€1168.23,€1183.03,€1200.51,€1222.01,€1238.14,€1271.75,€1305.37,€1324.18,€1359.13,€1376.61,€1394.09,€1429.04,€1446.52,€1480.12
NL,DE,14,Export,€75.84,€111.03,€172.80,€207.63,€309.75,€294.20,€362.18,€430.16,€498.14,€566.12,€608.99,€662.76,€696.37,€732.67,€783.75,€802.58,€871.14,€906.09,€922.22,€958.52,€974.65,€992.13,€1028.43,€1045.91,€1079.51,€1114.47,€1133.29,€1168.23,€1183.03,€1200.51,€1222.01,€1238.14,€1271.75,€1305.37,€1324.18,€1359.13,€1376.61,€1394.09,€1429.04,€1446.52,€1480.12
NL,DE,15,Export,€75.84,€111.03,€172.80,€207.63,€309.75,€294.20,€362.18,€430.16,€498.14,€566.12,€608.99,€662.76,€696.37,€732.67,€783.75,€802.58,€871.14,€906.09,€922.22,€958.52,€974.65,€992.13,€1028.43,€1045.91,€1079.51,€1114.47,€1133.29,€1168.23,€1183.03,€1200.51,€1222.01,€1238.14,€1271.75,€1305.37,€1324.18,€1359.13,€1376.61,€1394.09,€1429.04,€1446.52,€1480.12
NL,DE,16,Export,€75.84,€111.03,€172.80,€207.63,€309.75,€294.20,€362.18,€430.16,€498.14,€566.12,€608.99,€662.76,€696.37,€732.67,€783.75,€802.58,€871.14,€906.09,€922.22,€958.52,€974.65,€992.13,€1028.43,€1045.91,€1079.51,€1114.47,€1133.29,€1168.23,€1183.03,€1200.51,€1222.01,€1238.14,€1271.75,€1305.37,€1324.18,€1359.13,€1376.61,€1394.09,€1429.04,€1446.52,€1480.12
NL,DE,2,Export,€80.08,€120.15,€190.12,€225.34,€341.95,€319.97,€395.46,€452.96,€506.44,€559.93,€613.41,€666.90,€720.39,€771.65,€826.77,€844.25,€916.85,€955.83,€973.31,€1009.61,€1028.43,€1047.25,€1083.54,€1101.02,€1138.66,€1174.96,€1193.79,€1230.08,€1248.90,€1267.72,€1283.85,€1302.67,€1340.32,€1376.61,€1395.43,€1433.08,€1450.55,€1468.03,€1505.67,€1524.49,€1560.79
NL,DE,3,Export,€80.08,€120.15,€190.12,€225.34,€341.95,€319.97,€395.46,€452.96,€506.44,€559.93,€613.41,€666.90,€720.39,€771.65,€826.77,€844.25,€916.85,€955.83,€973.31,€1009.61,€1028.43,€1047.25,€1083.54,€1101.02,€1138.66,€1174.96,€1193.79,€1230.08,€1248.90,€1267.72,€1283.85,€1302.67,€1340.32,€1376.61,€1395.43,€1433.08,€1450.55,€1468.03,€1505.67,€1524.49,€1560.79
NL,DE,8,Export,€80.08,€120.15,€190.12,€225.34,€341.95,€319.97,€395.46,€452.96,€506.44,€559.93,€613.41,€666.90,€720.39,€771.65,€826.77,€844.25,€916.85,€955.83,€973.31,€1009.61,€1028.43,€1047.25,€1083.54,€1101.02,€1138.66,€1174.96,€1193.79,€1230.08,€1248.90,€1267.72,€1283.85,€1302.67,€1340.32,€1376.61,€1395.43,€1433.08,€1450.55,€1468.03,€1505.67,€1524.49,€1560.79
NL,DE,9,Export,€80.08,€120.15,€190.12,€225.34,€341.95,€319.97,€395.46,€452.96,€506.44,€559.93,€613.41,€666.90,€720.39,€771.65,€826.77,€844.25,€916.85,€955.83,€973.31,€1009.61,€1028.43,€1047.25,€1083.54,€1101.02,€1138.66,€1174.96,€1193.79,€1230.08,€1248.90,€1267.72,€1283.85,€1302.67,€1340.32,€1376.61,€1395.43,€1433.08,€1450.55,€1468.03,€1505.67,€1524.49,€1560.79
NL,DE,17,Export,€80.08,€120.15,€190.12,€225.34,€341.95,€319.97,€395.46,€452.96,€506.44,€559.93,€613.41,€666.90,€720.39,€771.65,€826.77,€844.25,€916.85,€955.83,€973.31,€1009.61,€1028.43,€1047.25,€1083.54,€1101.02,€1138.66,€1174.96,€1193.79,€1230.08,€1248.90,€1267.72,€1283.85,€1302.67,€1340.32,€1376.61,€1395.43,€1433.08,€1450.55,€1468.03,€1505.67,€1524.49,€1560.79
NL,DE,18,Export,€80.08,€120.15,€190.12,€225.34,€341.95,€319.97,€395.46,€452.96,€506.44,€559.93,€613.41,€666.90,€720.39,€771.65,€826.77,€844.25,€916.85,€955.83,€973.31,€1009.61,€1028.43,€1047.25,€1083.54,€1101.02,€1138.66,€1174.96,€1193.79,€1230.08,€1248.90,€1267.72,€1283.85,€1302.67,€1340.32,€1376.61,€1395.43,€1433.08,€1450.55,€1468.03,€1505.67,€1524.49,€1560.79
NL,DE,78,Export,€80.08,€120.15,€190.12,€225.34,€341.95,€319.97,€395.46,€452.96,€506.44,€559.93,€613.41,€666.90,€720.39,€771.65,€826.77,€844.25,€916.85,€955.83,€973.31,€1009.61,€1028.43,€1047.25,€1083.54,€1101.02,€1138.66,€1174.96,€1193.79,€1230.08,€1248.90,€1267.72,€1283.85,€1302.67,€1340.32,€1376.61,€1395.43,€1433.08,€1450.55,€1468.03,€1505.67,€1524.49,€1560.79
NL,DE,79,Export,€80.08,€120.15,€190.12,€225.34,€341.95,€319.97,€395.46,€452.96,€506.44,€559.93,€613.41,€666.90,€720.39,€771.65,€826.77,€844.25,€916.85,€955.83,€973.31,€1009.61,€1028.43,€1047.25,€1083.54,€1101.02,€1138.66,€1174.96,€1193.79,€1230.08,€1248.90,€1267.72,€1283.85,€1302.67,€1340.32,€1376.61,€1395.43,€1433.08,€1450.55,€1468.03,€1505.67,€1524.49,€1560.79
NL,DE,1,Import,€72.08,€108.14,€171.11,€202.80,€307.76,€287.97,€355.92,€407.66,€455.80,€503.94,€552.07,€600.21,€648.35,€694.49,€744.10,€759.83,€825.16,€860.25,€875.98,€908.65,€925.59,€942.53,€975.19,€990.92,€1024.80,€1057.47,€1074.41,€1107.07,€1124.01,€1140.95,€1155.47,€1172.41,€1206.29,€1238.95,€1255.89,€1289.77,€1305.50,€1321.23,€1355.10,€1372.04,€1404.71
NL,DE,2,Import,€72.08,€108.14,€171.11,€202.80,€307.76,€287.97,€355.92,€407.66,€455.80,€503.94,€552.07,€600.21,€648.35,€694.49,€744.10,€759.83,€825.16,€860.25,€875.98,€908.65,€925.59,€942.53,€975.19,€990.92,€1024.80,€1057.47,€1074.41,€1107.07,€1124.01,€1140.95,€1155.47,€1172.41,€1206.29,€1238.95,€1255.89,€1289.77,€1305.50,€1321.23,€1355.10,€1372.04,€1404.71
NL,DE,3,Import,€72.08,€108.14,€171.11,€202.80,€307.76,€287.97,€355.92,€407.66,€455.80,€503.94,€552.07,€600.21,€648.35,€694.49,€744.10,€759.83,€825.16,€860.25,€875.98,€908.65,€925.59,€942.53,€975.19,€990.92,€1024.80,€1057.47,€1074.41,€1107.07,€1124.01,€1140.95,€1155.47,€1172.41,€1206.29,€1238.95,€1255.89,€1289.77,€1305.50,€1321.23,€1355.10,€1372.04,€1404.71
NL,DE,4,Import,€68.26,€99.93,€155.52,€186.87,€278.78,€264.78,€325.96,€387.15,€448.33,€509.51,€548.09,€596.49,€626.73,€659.40,€705.38,€722.32,€784.02,€815.48,€830.00,€862.67,€877.19,€892.92,€925.59,€941.32,€971.56,€1003.02,€1019.96,€1051.41,€1064.73,€1080.45,€1099.81,€1114.33,€1144.57,€1174.83,€1191.76,€1223.22,€1238.95,€1254.68,€1286.14,€1301.87,€1332.11
NL,DE,6,Import,€68.26,€99.93,€155.52,€186.87,€278.78,€264.78,€325.96,€387.15,€448.33,€509.51,€548.09,€596.49,€626.73,€659.40,€705.38,€722.32,€784.02,€815.48,€830.00,€862.67,€877.19,€892.92,€925.59,€941.32,€971.56,€1003.02,€1019.96,€1051.41,€1064.73,€1080.45,€1099.81,€1114.33,€1144.57,€1174.83,€1191.76,€1223.22,€1238.95,€1254.68,€1286.14,€1301.87,€1332.11
NL,DE,7,Import,€68.26,€99.93,€155.52,€186.87,€278.78,€264.78,€325.96,€387.15,€448.33,€509.51,€548.09,€596.49,€626.73,€659.40,€705.38,€722.32,€784.02,€815.48,€830.00,€862.67,€877.19,€892.92,€925.59,€941.32,€971.56,€1003.02,€1019.96,€1051.41,€1064.73,€1080.45,€1099.81,€1114.33,€1144.57,€1174.83,€1191.76,€1223.22,€1238.95,€1254.68,€1286.14,€1301.87,€1332.11
NL,DE,8,Import,€72.08,€108.14,€171.11,€202.80,€307.76,€287.97,€355.92,€407.66,€455.80,€503.94,€552.07,€600.21,€648.35,€694.49,€744.10,€759.83,€825.16,€860.25,€875.98,€908.65,€925.59,€942.53,€975.19,€990.92,€1024.80,€1057.47,€1074.41,€1107.07,€1124.01,€1140.95,€1155.47,€1172.41,€1206.29,€1238.95,€1255.89,€1289.77,€1305.50,€1321.23,€1355.10,€1372.04,€1404.71
NL,DE,9,Import,€72.08,€108.14,€171.11,€202.80,€307.76,€287.97,€355.92,€407.66,€455.80,€503.94,€552.07,€600.21,€648.35,€694.49,€744.10,€759.83,€825.16,€860.25,€875.98,€908.65,€925.59,€942.53,€975.19,€990.92,€1024.80,€1057.47,€1074.41,€1107.07,€1124.01,€1140.95,€1155.47,€1172.41,€1206.29,€1238.95,€1255.89,€1289.77,€1305.50,€1321.23,€1355.10,€1372.04,€1404.71
NL,DE,10,Import,€68.26,€99.93,€155.52,€186.87,€278.78,€264.78,€325.96,€387.15,€448.33,€509.51,€548.09,€596.49,€626.73,€659.40,€705.38,€722.32,€784.02,€815.48,€830.00,€862.67,€877.19,€892.92,€925.59,€941.32,€971.56,€1003.02,€1019.96,€1051.41,€1064.73,€1080.45,€1099.81,€1114.33,€1144.57,€1174.83,€1191.76,€1223.22,€1238.95,€1254.68,€1286.14,€1301.87,€1332.11
NL,DE,12,Import,€68.26,€99.93,€155.52,€186.87,€278.78,€264.78,€325.96,€387.15,€448.33,€509.51,€548.09,€596.49,€626.73,€659.40,€705.38,€722.32,€784.02,€815.48,€830.00,€862.67,€877.19,€892.92,€925.59,€941.32,€971.56,€1003.02,€1019.96,€1051.41,€1064.73,€1080.45,€1099.81,€1114.33,€1144.57,€1174.83,€1191.76,€1223.22,€1238.95,€1254.68,€1286.14,€1301.87,€1332.11
NL,DE,13,Import,€68.26,€99.93,€155.52,€186.87,€278.78,€264.78,€325.96,€387.15,€448.33,€509.51,€548.09,€596.49,€626.73,€659.40,€705.38,€722.32,€784.02,€815.48,€830.00,€862.67,€877.19,€892.92,€925.59,€941.32,€971.56,€1003.02,€1019.96,€1051.41,€1064.73,€1080.45,€1099.81,€1114.33,€1144.57,€1174.83,€1191.76,€1223.22,€1238.95,€1254.68,€1286.14,€1301.87,€1332.11
NL,DE,14,Import,€68.26,€99.93,€155.52,€186.87,€278.78,€264.78,€325.96,€387.15,€448.33,€509.51,€548.09,€596.49,€626.73,€659.40,€705.38,€722.32,€784.02,€815.48,€830.00,€862.67,€877.19,€892.92,€925.59,€941.32,€971.56,€1003.02,€1019.96,€1051.41,€1064.73,€1080.45,€1099.81,€1114.33,€1144.57,€1174.83,€1191.76,€1223.22,€1238.95,€1254.68,€1286.14,€1301.87,€1332.11
NL,DE,15,Import,€68.26,€99.93,€155.52,€186.87,€278.78,€264.78,€325.96,€387.15,€448.33,€509.51,€548.09,€596.49,€626.73,€659.40,€705.38,€722.32,€784.02,€815.48,€830.00,€862.67,€877.19,€892.92,€925.59,€941.32,€971.56,€1003.02,€1019.96,€1051.41,€1064.73,€1080.45,€1099.81,€1114.33,€1144.57,€1174.83,€1191.76,€1223.22,€1238.95,€1254.68,€1286.14,€1301.87,€1332.11
NL,DE,16,Import,€68.26,€99.93,€155.52,€186.87,€278.78,€264.78,€325.96,€387.15,€448.33,€509.51,€548.09,€596.49,€626.73,€659.40,€705.38,€722.32,€784.02,€815.48,€830.00,€862.67,€877.19,€892.92,€925.59,€941.32,€971.56,€1003.02,€1019.96,€1051.41,€1064.73,€1080.45,€1099.81,€1114.33,€1144.57,€1174.83,€1191.76,€1223.22,€1238.95,€1254.68,€1286.14,€1301.87,€1332.11
NL,DE,17,Import,€72.08,€108.14,€171.11,€202.80,€307.76,€287.97,€355.92,€407.66,€455.80,€503.94,€552.07,€600.21,€648.35,€694.49,€744.10,€759.83,€825.16,€860.25,€875.98,€908.65,€925.59,€942.53,€975.19,€990.92,€1024.80,€1057.47,€1074.41,€1107.07,€1124.01,€1140.95,€1155.47,€1172.41,€1206.29,€1238.95,€1255.89,€1289.77,€1305.50,€1321.23,€1355.10,€1372.04,€1404.71
NL,DE,18,Import,€72.08,€108.14,€171.11,€202.80,€307.76,€287.97,€355.92,€407.66,€455.80,€503.94,€552.07,€600.21,€648.35,€694.49,€744.10,€759.83,€825.16,€860.25,€875.98,€908.65,€925.59,€942.53,€975.19,€990.92,€1024.80,€1057.47,€1074.41,€1107.07,€1124.01,€1140.95,€1155.47,€1172.41,€1206.29,€1238.95,€1255.89,€1289.77,€1305.50,€1321.23,€1355.10,€1372.04,€1404.71
NL,DE,19,Import,€67.49,€98.64,€152.17,€183.93,€270.91,€259.57,€318.95,€365.39,€417.42,€442.83,€454.92,€494.85,€520.26,€546.89,€584.39,€600.12,€649.72,€677.55,€688.44,€715.06,€728.37,€741.67,€768.30,€779.19,€805.80,€833.63,€845.73,€871.14,€884.45,€896.54,€911.07,€924.38,€949.79,€976.40,€988.50,€1015.12,€1028.42,€1040.53,€1067.14,€1079.24,€1105.86
NL,DE,20,Import,€66.07,€94.92,€145.83,€176.76,€258.86,€251.12,€308.17,€332.73,€378.70,€402.90,€417.42,€450.09,€474.29,€499.70,€534.78,€546.89,€595.27,€617.05,€630.37,€653.36,€665.45,€678.77,€701.75,€711.43,€735.63,€759.83,€771.93,€796.12,€809.44,€819.11,€833.63,€843.31,€867.51,€890.49,€902.60,€928.00,€938.89,€950.99,€975.19,€986.08,€1010.28
NL,DE,21,Import,€65.61,€94.61,€142.14,€174.44,€197.00,€211.99,€226.99,€241.98,€277.07,€294.01,€302.48,€329.10,€347.24,€361.76,€389.59,€398.06,€433.15,€448.88,€458.56,€474.29,€485.17,€493.64,€510.58,€517.84,€535.99,€554.14,€561.40,€579.55,€588.02,€596.49,€606.17,€614.64,€631.58,€647.31,€658.19,€676.34,€683.60,€692.07,€707.80,€716.27,€734.41
NL,DE,22,Import,€66.07,€94.92,€145.83,€176.76,€258.86,€251.12,€308.17,€332.73,€378.70,€402.90,€417.42,€450.09,€474.29,€499.70,€534.78,€546.89,€595.27,€617.05,€630.37,€653.36,€665.45,€678.77,€701.75,€711.43,€735.63,€759.83,€771.93,€796.12,€809.44,€819.11,€833.63,€843.31,€867.51,€890.49,€902.60,€928.00,€938.89,€950.99,€975.19,€986.08,€1010.28
NL,DE,23,Import,€67.49,€98.64,€152.17,€183.93,€270.91,€259.57,€318.95,€365.39,€417.42,€442.83,€454.92,€494.85,€520.26,€546.89,€584.39,€600.12,€649.72,€677.55,€688.44,€715.06,€728.37,€741.67,€768.30,€779.19,€805.80,€833.63,€845.73,€871.14,€884.45,€896.54,€911.07,€924.38,€949.79,€976.40,€988.50,€1015.12,€1028.42,€1040.53,€1067.14,€1079.24,€1105.86
NL,DE,24,Import,€67.49,€98.64,€152.17,€183.93,€270.91,€259.57,€318.95,€365.39,€417.42,€442.83,€454.92,€494.85,€520.26,€546.89,€584.39,€600.12,€649.72,€677.55,€688.44,€715.06,€728.37,€741.67,€768.30,€779.19,€805.80,€833.63,€845.73,€871.14,€884.45,€896.54,€911.07,€924.38,€949.79,€976.40,€988.50,€1015.12,€1028.42,€1040.53,€1067.14,€1079.24,€1105.86
NL,DE,25,Import,€67.49,€98.64,€152.17,€183.93,€270.91,€259.57,€318.95,€365.39,€417.42,€442.83,€454.92,€494.85,€520.26,€546.89,€584.39,€600.12,€649.72,€677.55,€688.44,€715.06,€728.37,€741.67,€768.30,€779.19,€805.80,€833.63,€845.73,€871.14,€884.45,€896.54,€911.07,€924.38,€949.79,€976.40,€988.50,€1015.12,€1028.42,€1040.53,€1067.14,€1079.24,€1105.86
NL,DE,26,Import,€65.61,€94.61,€142.14,€174.44,€197.00,€211.99,€226.99,€241.98,€277.07,€294.01,€302.48,€329.10,€347.24,€361.76,€389.59,€398.06,€433.15,€448.88,€458.56,€474.29,€485.17,€493.64,€510.58,€517.84,€535.99,€554.14,€561.40,€579.55,€588.02,€596.49,€606.17,€614.64,€631.58,€647.31,€658.19,€676.34,€683.60,€692.07,€707.80,€716.27,€734.41
NL,DE,27,Import,€65.61,€94.61,€142.14,€174.44,€197.00,€211.99,€226.99,€241.98,€277.07,€294.01,€302.48,€329.10,€347.24,€361.76,€389.59,€398.06,€433.15,€448.88,€458.56,€474.29,€485.17,€493.64,€510.58,€517.84,€535.99,€554.14,€561.40,€579.55,€588.02,€596.49,€606.17,€614.64,€631.58,€647.31,€658.19,€676.34,€683.60,€692.07,€707.80,€716.27,€734.41
NL,DE,28,Import,€65.61,€94.61,€142.14,€174.44,€197.00,€211.99,€226.99,€241.98,€277.07,€294.01,€302.48,€329.10,€347.24,€361.76,€389.59,€398.06,€433.15,€448.88,€458.56,€474.29,€485.17,€493.64,€510.58,€517.84,€535.99,€554.14,€561.40,€579.55,€588.02,€596.49,€606.17,€614.64,€631.58,€647.31,€658.19,€676.34,€683.60,€692.07,€707.80,€716.27,€734.41
NL,DE,29,Import,€65.61,€94.61,€142.14,€174.44,€197.00,€211.99,€226.99,€241.98,€277.07,€294.01,€302.48,€329.10,€347.24,€361.76,€389.59,€398.06,€433.15,€448.88,€458.56,€474.29,€485.17,€493.64,€510.58,€517.84,€535.99,€554.14,€561.40,€579.55,€588.02,€596.49,€606.17,€614.64,€631.58,€647.31,€658.19,€676.34,€683.60,€692.07,€707.80,€716.27,€734.41
NL,DE,30,Import,€65.61,€94.61,€142.14,€174.44,€197.00,€211.99,€226.99,€241.98,€277.07,€294.01,€302.48,€329.10,€347.24,€361.76,€389.59,€398.06,€433.15,€448.88,€458.56,€474.29,€485.17,€493.64,€510.58,€517.84,€535.99,€554.14,€561.40,€579.55,€588.02,€596.49,€606.17,€614.64,€631.58,€647.31,€658.19,€676.34,€683.60,€692.07,€707.80,€716.27,€734.41
NL,DE,31,Import,€65.61,€94.61,€142.14,€174.44,€197.00,€211.99,€226.99,€241.98,€277.07,€294.01,€302.48,€329.10,€347.24,€361.76,€389.59,€398.06,€433.15,€448.88,€458.56,€474.29,€485.17,€493.64,€510.58,€517.84,€535.99,€554.14,€561.40,€579.55,€588.02,€596.49,€606.17,€614.64,€631.58,€647.31,€658.19,€676.34,€683.60,€692.07,€707.80,€716.27,€734.41
NL,DE,32,Import,€65.61,€94.61,€142.14,€174.44,€197.00,€211.99,€226.99,€241.98,€277.07,€294.01,€302.48,€329.10,€347.24,€361.76,€389.59,€398.06,€433.15,€448.88,€458.56,€474.29,€485.17,€493.64,€510.58,€517.84,€535.99,€554.14,€561.40,€579.55,€588.02,€596.49,€606.17,€614.64,€631.58,€647.31,€658.19,€676.34,€683.60,€692.07,€707.80,€716.27,€734.41
NL,DE,33,Import,€65.61,€94.61,€142.14,€174.44,€197.00,€211.99,€226.99,€241.98,€277.07,€294.01,€302.48,€329.10,€347.24,€361.76,€389.59,€398.06,€433.15,€448.88,€458.56,€474.29,€485.17,€493.64,€510.58,€517.84,€535.99,€554.14,€561.40,€579.55,€588.02,€596.49,€606.17,€614.64,€631.58,€647.31,€658.19,€676.34,€683.60,€692.07,€707.80,€716.27,€734.41
NL,DE,34,Import,€65.61,€94.61,€142.14,€174.44,€197.00,€211.99,€226.99,€241.98,€277.07,€294.01,€302.48,€329.10,€347.24,€361.76,€389.59,€398.06,€433.15,€448.88,€458.56,€474.29,€485.17,€493.64,€510.58,€517.84,€535.99,€554.14,€561.40,€579.55,€588.02,€596.49,€606.17,€614.64,€631.58,€647.31,€658.19,€676.34,€683.60,€692.07,€707.80,€716.27,€734.41
NL,DE,35,Import,€65.61,€94.61,€142.14,€174.44,€197.00,€211.99,€226.99,€241.98,€277.07,€294.01,€302.48,€329.10,€347.24,€361.76,€389.59,€398.06,€433.15,€448.88,€458.56,€474.29,€485.17,€493.64,€510.58,€517.84,€535.99,€554.14,€561.40,€579.55,€588.02,€596.49,€606.17,€614.64,€631.58,€647.31,€658.19,€676.34,€683.60,€692.07,€707.80,€716.27,€734.41
NL,DE,36,Import,€65.61,€94.61,€142.14,€174.44,€197.00,€211.99,€226.99,€241.98,€277.07,€294.01,€302.48,€329.10,€347.24,€361.76,€389.59,€398.06,€433.15,€448.88,€458.56,€474.29,€485.17,€493.64,€510.58,€517.84,€535.99,€554.14,€561.40,€579.55,€588.02,€596.49,€606.17,€614.64,€631.58,€647.31,€658.19,€676.34,€683.60,€692.07,€707.80,€716.27,€734.41
NL,DE,37,Import,€65.61,€94.61,€142.14,€174.44,€197.00,€211.99,€226.99,€241.98,€277.07,€294.01,€302.48,€329.10,€347.24,€361.76,€389.59,€398.06,€433.15,€448.88,€458.56,€474.29,€485.17,€493.64,€510.58,€517.84,€535.99,€554.14,€561.40,€579.55,€588.02,€596.49,€606.17,€614.64,€631.58,€647.31,€658.19,€676.34,€683.60,€692.07,€707.80,€716.27,€734.41
NL,DE,38,Import,€65.61,€94.61,€142.14,€174.44,€197.00,€211.99,€226.99,€241.98,€277.07,€294.01,€302.48,€329.10,€347.24,€361.76,€389.59,€398.06,€433.15,€448.88,€458.56,€474.29,€485.17,€493.64,€510.58,€517.84,€535.99,€554.14,€561.40,€579.55,€588.02,€596.49,€606.17,€614.64,€631.58,€647.31,€658.19,€676.34,€683.60,€692.07,€707.80,€716.27,€734.41
NL,DE,39,Import,€67.49,€98.64,€152.17,€183.93,€270.91,€259.57,€318.95,€365.39,€417.42,€442.83,€454.92,€494.85,€520.26,€546.89,€584.39,€600.12,€649.72,€677.55,€688.44,€715.06,€728.37,€741.67,€768.30,€779.19,€805.80,€833.63,€845.73,€871.14,€884.45,€896.54,€911.07,€924.38,€949.79,€976.40,€988.50,€1015.12,€1028.42,€1040.53,€1067.14,€1079.24,€1105.86
NL,DE,40,Import,€61.00,€84.07,€125.39,€155.54,€168.10,€175.38,€182.66,€189.94,€197.22,€210.53,€215.36,€235.94,€248.03,€260.13,€278.28,€284.33,€309.74,€323.04,€327.89,€339.98,€347.24,€353.29,€366.61,€371.44,€382.34,€396.85,€401.69,€416.21,€421.05,€427.10,€433.15,€439.20,€450.09,€463.39,€469.44,€483.97,€490.02,€494.85,€508.17,€513.00,€525.10
NL,DE,41,Import,€61.00,€84.07,€125.39,€155.54,€168.10,€175.38,€182.66,€189.94,€197.22,€210.53,€215.36,€235.94,€248.03,€260.13,€278.28,€284.33,€309.74,€323.04,€327.89,€339.98,€347.24,€353.29,€366.61,€371.44,€382.34,€396.85,€401.69,€416.21,€421.05,€427.10,€433.15,€439.20,€450.09,€463.39,€469.44,€483.97,€490.02,€494.85,€508.17,€513.00,€525.10
NL,DE,42,Import,€61.00,€84.07,€125.39,€155.54,€168.10,€175.38,€182.66,€189.94,€197.22,€210.53,€215.36,€235.94,€248.03,€260.13,€278.28,€284.33,€309.74,€323.04,€327.89,€339.98,€347.24,€353.29,€366.61,€371.44,€382.34,€396.85,€401.69,€416.21,€421.05,€427.10,€433.15,€439.20,€450.09,€463.39,€469.44,€483.97,€490.02,€494.85,€508.17,€513.00,€525.10
NL,DE,43,Import,€61.00,€84.07,€125.39,€155.54,€168.10,€175.38,€182.66,€189.94,€197.22,€210.53,€215.36,€235.94,€248.03,€260.13,€278.28,€284.33,€309.74,€323.04,€327.89,€339.98,€347.24,€353.29,€366.61,€371.44,€382.34,€396.85,€401.69,€416.21,€421.05,€427.10,€433.15,€439.20,€450.09,€463.39,€469.44,€483.97,€490.02,€494.85,€508.17,€513.00,€525.10
NL,DE,44,Import,€61.00,€84.07,€125.39,€155.54,€168.10,€175.38,€182.66,€189.94,€197.22,€210.53,€215.36,€235.94,€248.03,€260.13,€278.28,€284.33,€309.74,€323.04,€327.89,€339.98,€347.24,€353.29,€366.61,€371.44,€382.34,€396.85,€401.69,€416.21,€421.05,€427.10,€433.15,€439.20,€450.09,€463.39,€469.44,€483.97,€490.02,€494.85,€508.17,€513.00,€525.10
NL,DE,45,Import,€61.00,€84.07,€125.39,€155.54,€168.10,€175.38,€182.66,€189.94,€197.22,€210.53,€215.36,€235.94,€248.03,€260.13,€278.28,€284.33,€309.74,€323.04,€327.89,€339.98,€347.24,€353.29,€366.61,€371.44,€382.34,€396.85,€401.69,€416.21,€421.05,€427.10,€433.15,€439.20,€450.09,€463.39,€469.44,€483.97,€490.02,€494.85,€508.17,€513.00,€525.10
NL,DE,46,Import,€60.24,€82.78,€123.33,€153.32,€158.82,€166.90,€174.99,€183.08,€191.16,€203.27,€208.10,€228.68,€239.56,€251.67,€267.39,€274.65,€300.06,€310.95,€317.00,€329.10,€333.94,€339.98,€353.29,€358.14,€371.44,€381.12,€388.38,€400.48,€405.32,€413.79,€419.84,€424.68,€436.78,€447.67,€453.72,€465.82,€471.86,€477.91,€491.23,€496.06,€508.17
NL,DE,47,Import,€60.24,€82.78,€123.33,€153.32,€158.82,€166.90,€174.99,€183.08,€191.16,€203.27,€208.10,€228.68,€239.56,€251.67,€267.39,€274.65,€300.06,€310.95,€317.00,€329.10,€333.94,€339.98,€353.29,€358.14,€371.44,€381.12,€388.38,€400.48,€405.32,€413.79,€419.84,€424.68,€436.78,€447.67,€453.72,€465.82,€471.86,€477.91,€491.23,€496.06,€508.17
NL,DE,48,Import,€61.00,€84.07,€125.39,€155.54,€168.10,€175.38,€182.66,€189.94,€197.22,€210.53,€215.36,€235.94,€248.03,€260.13,€278.28,€284.33,€309.74,€323.04,€327.89,€339.98,€347.24,€353.29,€366.61,€371.44,€382.34,€396.85,€401.69,€416.21,€421.05,€427.10,€433.15,€439.20,€450.09,€463.39,€469.44,€483.97,€490.02,€494.85,€508.17,€513.00,€525.10
NL,DE,49,Import,€61.00,€84.07,€125.39,€155.54,€168.10,€175.38,€182.66,€189.94,€197.22,€210.53,€215.36,€235.94,€248.03,€260.13,€278.28,€284.33,€309.74,€323.04,€327.89,€339.98,€347.24,€353.29,€366.61,€371.44,€382.34,€396.85,€401.69,€416.21,€421.05,€427.10,€433.15,€439.20,€450.09,€463.39,€469.44,€483.97,€490.02,€494.85,€508.17,€513.00,€525.10
NL,DE,50,Import,€61.00,€84.07,€125.39,€155.54,€168.10,€175.38,€182.66,€189.94,€197.22,€210.53,€215.36,€235.94,€248.03,€260.13,€278.28,€284.33,€309.74,€323.04,€327.89,€339.98,€347.24,€353.29,€366.61,€371.44,€382.34,€396.85,€401.69,€416.21,€421.05,€427.10,€433.15,€439.20,€450.09,€463.39,€469.44,€483.97,€490.02,€494.85,€508.17,€513.00,€525.10
NL,DE,51,Import,€61.00,€84.07,€125.39,€155.54,€168.10,€175.38,€182.66,€189.94,€197.22,€210.53,€215.36,€235.94,€248.03,€260.13,€278.28,€284.33,€309.74,€323.04,€327.89,€339.98,€347.24,€353.29,€366.61,€371.44,€382.34,€396.85,€401.69,€416.21,€421.05,€427.10,€433.15,€439.20,€450.09,€463.39,€469.44,€483.97,€490.02,€494.85,€508.17,€513.00,€525.10
NL,DE,52,Import,€61.00,€84.07,€125.39,€155.54,€168.10,€175.38,€182.66,€189.94,€197.22,€210.53,€215.36,€235.94,€248.03,€260.13,€278.28,€284.33,€309.74,€323.04,€327.89,€339.98,€347.24,€353.29,€366.61,€371.44,€382.34,€396.85,€401.69,€416.21,€421.05,€427.10,€433.15,€439.20,€450.09,€463.39,€469.44,€483.97,€490.02,€494.85,€508.17,€513.00,€525.10
NL,DE,53,Import,€61.00,€84.07,€125.39,€155.54,€168.10,€175.38,€182.66,€189.94,€197.22,€210.53,€215.36,€235.94,€248.03,€260.13,€278.28,€284.33,€309.74,€323.04,€327.89,€339.98,€347.24,€353.29,€366.61,€371.44,€382.34,€396.85,€401.69,€416.21,€421.05,€427.10,€433.15,€439.20,€450.09,€463.39,€469.44,€483.97,€490.02,€494.85,€508.17,€513.00,€525.10
NL,DE,54,Import,€65.61,€94.61,€142.14,€174.44,€197.00,€211.99,€226.99,€241.98,€277.07,€294.01,€302.48,€329.10,€347.24,€361.76,€389.59,€398.06,€433.15,€448.88,€458.56,€474.29,€485.17,€493.64,€510.58,€517.84,€535.99,€554.14,€561.40,€579.55,€588.02,€596.49,€606.17,€614.64,€631.58,€647.31,€658.19,€676.34,€683.60,€692.07,€707.80,€716.27,€734.41
NL,DE,55,Import,€65.61,€94.61,€142.14,€174.44,€197.00,€211.99,€226.99,€241.98,€277.07,€294.01,€302.48,€329.10,€347.24,€361.76,€389.59,€398.06,€433.15,€448.88,€458.56,€474.29,€485.17,€493.64,€510.58,€517.84,€535.99,€554.14,€561.40,€579.55,€588.02,€596.49,€606.17,€614.64,€631.58,€647.31,€658.19,€676.34,€683.60,€692.07,€707.80,€716.27,€734.41
NL,DE,56,Import,€65.61,€94.61,€142.14,€174.44,€197.00,€211.99,€226.99,€241.98,€277.07,€294.01,€302.48,€329.10,€347.24,€361.76,€389.59,€398.06,€433.15,€448.88,€458.56,€474.29,€485.17,€493.64,€510.58,€517.84,€535.99,€554.14,€561.40,€579.55,€588.02,€596.49,€606.17,€614.64,€631.58,€647.31,€658.19,€676.34,€683.60,€692.07,€707.80,€716.27,€734.41
NL,DE,57,Import,€65.61,€94.61,€142.14,€174.44,€197.00,€211.99,€226.99,€241.98,€277.07,€294.01,€302.48,€329.10,€347.24,€361.76,€389.59,€398.06,€433.15,€448.88,€458.56,€474.29,€485.17,€493.64,€510.58,€517.84,€535.99,€554.14,€561.40,€579.55,€588.02,€596.49,€606.17,€614.64,€631.58,€647.31,€658.19,€676.34,€683.60,€692.07,€707.80,€716.27,€734.41
NL,DE,58,Import,€61.00,€84.07,€125.39,€155.54,€168.10,€175.38,€182.66,€189.94,€197.22,€210.53,€215.36,€235.94,€248.03,€260.13,€278.28,€284.33,€309.74,€323.04,€327.89,€339.98,€347.24,€353.29,€366.61,€371.44,€382.34,€396.85,€401.69,€416.21,€421.05,€427.10,€433.15,€439.20,€450.09,€463.39,€469.44,€483.97,€490.02,€494.85,€508.17,€513.00,€525.10
NL,DE,59,Import,€61.00,€84.07,€125.39,€155.54,€168.10,€175.38,€182.66,€189.94,€197.22,€210.53,€215.36,€235.94,€248.03,€260.13,€278.28,€284.33,€309.74,€323.04,€327.89,€339.98,€347.24,€353.29,€366.61,€371.44,€382.34,€396.85,€401.69,€416.21,€421.05,€427.10,€433.15,€439.20,€450.09,€463.39,€469.44,€483.97,€490.02,€494.85,€508.17,€513.00,€525.10
NL,DE,60,Import,€65.61,€94.61,€142.14,€174.44,€197.00,€211.99,€226.99,€241.98,€277.07,€294.01,€302.48,€329.10,€347.24,€361.76,€389.59,€398.06,€433.15,€448.88,€458.56,€474.29,€485.17,€493.64,€510.58,€517.84,€535.99,€554.14,€561.40,€579.55,€588.02,€596.49,€606.17,€614.64,€631.58,€647.31,€658.19,€676.34,€683.60,€692.07,€707.80,€716.27,€734.41
NL,DE,61,Import,€65.61,€94.61,€142.14,€174.44,€197.00,€211.99,€226.99,€241.98,€277.07,€294.01,€302.48,€329.10,€347.24,€361.76,€389.59,€398.06,€433.15,€448.88,€458.56,€474.29,€485.17,€493.64,€510.58,€517.84,€535.99,€554.14,€561.40,€579.55,€588.02,€596.49,€606.17,€614.64,€631.58,€647.31,€658.19,€676.34,€683.60,€692.07,€707.80,€716.27,€734.41
NL,DE,63,Import,€65.61,€94.61,€142.14,€174.44,€197.00,€211.99,€226.99,€241.98,€277.07,€294.01,€302.48,€329.10,€347.24,€361.76,€389.59,€398.06,€433.15,€448.88,€458.56,€474.29,€485.17,€493.64,€510.58,€517.84,€535.99,€554.14,€561.40,€579.55,€588.02,€596.49,€606.17,€614.64,€631.58,€647.31,€658.19,€676.34,€683.60,€692.07,€707.80,€716.27,€734.41
NL,DE,64,Import,€66.07,€94.92,€145.83,€176.76,€258.86,€251.12,€308.17,€332.73,€378.70,€402.90,€417.42,€450.09,€474.29,€499.70,€534.78,€546.89,€595.27,€617.05,€630.37,€653.36,€665.45,€678.77,€701.75,€711.43,€735.63,€759.83,€771.93,€796.12,€809.44,€819.11,€833.63,€843.31,€867.51,€890.49,€902.60,€928.00,€938.89,€950.99,€975.19,€986.08,€1010.28
NL,DE,65,Import,€65.61,€94.61,€142.14,€174.44,€197.00,€211.99,€226.99,€241.98,€277.07,€294.01,€302.48,€329.10,€347.24,€361.76,€389.59,€398.06,€433.15,€448.88,€458.56,€474.29,€485.17,€493.64,€510.58,€517.84,€535.99,€554.14,€561.40,€579.55,€588.02,€596.49,€606.17,€614.64,€631.58,€647.31,€658.19,€676.34,€683.60,€692.07,€707.80,€716.27,€734.41
NL,DE,66,Import,€66.07,€94.92,€145.83,€176.76,€258.86,€251.12,€308.17,€332.73,€378.70,€402.90,€417.42,€450.09,€474.29,€499.70,€534.78,€546.89,€595.27,€617.05,€630.37,€653.36,€665.45,€678.77,€701.75,€711.43,€735.63,€759.83,€771.93,€796.12,€809.44,€819.11,€833.63,€843.31,€867.51,€890.49,€902.60,€928.00,€938.89,€950.99,€975.19,€986.08,€1010.28
NL,DE,67,Import,€66.07,€94.92,€145.83,€176.76,€258.86,€251.12,€308.17,€332.73,€378.70,€402.90,€417.42,€450.09,€474.29,€499.70,€534.78,€546.89,€595.27,€617.05,€630.37,€653.36,€665.45,€678.77,€701.75,€711.43,€735.63,€759.83,€771.93,€796.12,€809.44,€819.11,€833.63,€843.31,€867.51,€890.49,€902.60,€928.00,€938.89,€950.99,€975.19,€986.08,€1010.28
NL,DE,68,Import,€66.07,€94.92,€145.83,€176.76,€258.86,€251.12,€308.17,€332.73,€378.70,€402.90,€417.42,€450.09,€474.29,€499.70,€534.78,€546.89,€595.27,€617.05,€630.37,€653.36,€665.45,€678.77,€701.75,€711.43,€735.63,€759.83,€771.93,€796.12,€809.44,€819.11,€833.63,€843.31,€867.51,€890.49,€902.60,€928.00,€938.89,€950.99,€975.19,€986.08,€1010.28
NL,DE,69,Import,€66.07,€94.92,€145.83,€176.76,€258.86,€251.12,€308.17,€332.73,€378.70,€402.90,€417.42,€450.09,€474.29,€499.70,€534.78,€546.89,€595.27,€617.05,€630.37,€653.36,€665.45,€678.77,€701.75,€711.43,€735.63,€759.83,€771.93,€796.12,€809.44,€819.11,€833.63,€843.31,€867.51,€890.49,€902.60,€928.00,€938.89,€950.99,€975.19,€986.08,€1010.28
NL,DE,70,Import,€67.49,€98.64,€152.17,€183.93,€270.91,€259.57,€318.95,€365.39,€417.42,€442.83,€454.92,€494.85,€520.26,€546.89,€584.39,€600.12,€649.72,€677.55,€688.44,€715.06,€728.37,€741.67,€768.30,€779.19,€805.80,€833.63,€845.73,€871.14,€884.45,€896.54,€911.07,€924.38,€949.79,€976.40,€988.50,€1015.12,€1028.42,€1040.53,€1067.14,€1079.24,€1105.86
NL,DE,71,Import,€67.49,€98.64,€152.17,€183.93,€270.91,€259.57,€318.95,€365.39,€417.42,€442.83,€454.92,€494.85,€520.26,€546.89,€584.39,€600.12,€649.72,€677.55,€688.44,€715.06,€728.37,€741.67,€768.30,€779.19,€805.80,€833.63,€845.73,€871.14,€884.45,€896.54,€911.07,€924.38,€949.79,€976.40,€988.50,€1015.12,€1028.42,€1040.53,€1067.14,€1079.24,€1105.86
NL,DE,72,Import,€68.26,€99.93,€155.52,€186.87,€278.78,€264.78,€325.96,€387.15,€448.33,€509.51,€548.09,€596.49,€626.73,€659.40,€705.38,€722.32,€784.02,€815.48,€830.00,€862.67,€877.19,€892.92,€925.59,€941.32,€971.56,€1003.02,€1019.96,€1051.41,€1064.73,€1080.45,€1099.81,€1114.33,€1144.57,€1174.83,€1191.76,€1223.22,€1238.95,€1254.68,€1286.14,€1301.87,€1332.11
NL,DE,73,Import,€68.26,€99.93,€155.52,€186.87,€278.78,€264.78,€325.96,€387.15,€448.33,€509.51,€548.09,€596.49,€626.73,€659.40,€705.38,€722.32,€784.02,€815.48,€830.00,€862.67,€877.19,€892.92,€925.59,€941.32,€971.56,€1003.02,€1019.96,€1051.41,€1064.73,€1080.45,€1099.81,€1114.33,€1144.57,€1174.83,€1191.76,€1223.22,€1238.95,€1254.68,€1286.14,€1301.87,€1332.11
NL,DE,74,Import,€67.49,€98.64,€152.17,€183.93,€270.91,€259.57,€318.95,€365.39,€417.42,€442.83,€454.92,€494.85,€520.26,€546.89,€584.39,€600.12,€649.72,€677.55,€688.44,€715.06,€728.37,€741.67,€768.30,€779.19,€805.80,€833.63,€845.73,€871.14,€884.45,€896.54,€911.07,€924.38,€949.79,€976.40,€988.50,€1015.12,€1028.42,€1040.53,€1067.14,€1079.24,€1105.86
NL,DE,75,Import,€67.49,€98.64,€152.17,€183.93,€270.91,€259.57,€318.95,€365.39,€417.42,€442.83,€454.92,€494.85,€520.26,€546.89,€584.39,€600.12,€649.72,€677.55,€688.44,€715.06,€728.37,€741.67,€768.30,€779.19,€805.80,€833.63,€845.73,€871.14,€884.45,€896.54,€911.07,€924.38,€949.79,€976.40,€988.50,€1015.12,€1028.42,€1040.53,€1067.14,€1079.24,€1105.86
NL,DE,76,Import,€67.49,€98.64,€152.17,€183.93,€270.91,€259.57,€318.95,€365.39,€417.42,€442.83,€454.92,€494.85,€520.26,€546.89,€584.39,€600.12,€649.72,€677.55,€688.44,€715.06,€728.37,€741.67,€768.30,€779.19,€805.80,€833.63,€845.73,€871.14,€884.45,€896.54,€911.07,€924.38,€949.79,€976.40,€988.50,€1015.12,€1028.42,€1040.53,€1067.14,€1079.24,€1105.86
NL,DE,77,Import,€68.26,€99.93,€155.52,€186.87,€278.78,€264.78,€325.96,€387.15,€448.33,€509.51,€548.09,€596.49,€626.73,€659.40,€705.38,€722.32,€784.02,€815.48,€830.00,€862.67,€877.19,€892.92,€925.59,€941.32,€971.56,€1003.02,€1019.96,€1051.41,€1064.73,€1080.45,€1099.81,€1114.33,€1144.57,€1174.83,€1191.76,€1223.22,€1238.95,€1254.68,€1286.14,€1301.87,€1332.11
NL,DE,78,Import,€72.08,€108.14,€171.11,€202.80,€307.76,€287.97,€355.92,€407.66,€455.80,€503.94,€552.07,€600.21,€648.35,€694.49,€744.10,€759.83,€825.16,€860.25,€875.98,€908.65,€925.59,€942.53,€975.19,€990.92,€1024.80,€1057.47,€1074.41,€1107.07,€1124.01,€1140.95,€1155.47,€1172.41,€1206.29,€1238.95,€1255.89,€1289.77,€1305.50,€1321.23,€1355.10,€1372.04,€1404.71
NL,DE,79,Import,€72.08,€108.14,€171.11,€202.80,€307.76,€287.97,€355.92,€407.66,€455.80,€503.94,€552.07,€600.21,€648.35,€694.49,€744.10,€759.83,€825.16,€860.25,€875.98,€908.65,€925.59,€942.53,€975.19,€990.92,€1024.80,€1057.47,€1074.41,€1107.07,€1124.01,€1140.95,€1155.47,€1172.41,€1206.29,€1238.95,€1255.89,€1289.77,€1305.50,€1321.23,€1355.10,€1372.04,€1404.71
NL,DE,80,Import,€72.08,€108.14,€171.11,€202.80,€307.76,€287.97,€355.92,€407.66,€455.80,€503.94,€552.07,€600.21,€648.35,€694.49,€744.10,€759.83,€825.16,€860.25,€875.98,€908.65,€925.59,€942.53,€975.19,€990.92,€1024.80,€1057.47,€1074.41,€1107.07,€1124.01,€1140.95,€1155.47,€1172.41,€1206.29,€1238.95,€1255.89,€1289.77,€1305.50,€1321.23,€1355.10,€1372.04,€1404.71
NL,DE,81,Import,€72.08,€108.14,€171.11,€202.80,€307.76,€287.97,€355.92,€407.66,€455.80,€503.94,€552.07,€600.21,€648.35,€694.49,€744.10,€759.83,€825.16,€860.25,€875.98,€908.65,€925.59,€942.53,€975.19,€990.92,€1024.80,€1057.47,€1074.41,€1107.07,€1124.01,€1140.95,€1155.47,€1172.41,€1206.29,€1238.95,€1255.89,€1289.77,€1305.50,€1321.23,€1355.10,€1372.04,€1404.71
NL,DE,82,Import,€72.08,€108.14,€171.11,€202.80,€307.76,€287.97,€355.92,€407.66,€455.80,€503.94,€552.07,€600.21,€648.35,€694.49,€744.10,€759.83,€825.16,€860.25,€875.98,€908.65,€925.59,€942.53,€975.19,€990.92,€1024.80,€1057.47,€1074.41,€1107.07,€1124.01,€1140.95,€1155.47,€1172.41,€1206.29,€1238.95,€1255.89,€1289.77,€1305.50,€1321.23,€1355.10,€1372.04,€1404.71
NL,DE,83,Import,€72.08,€108.14,€171.11,€202.80,€307.76,€287.97,€355.92,€407.66,€455.80,€503.94,€552.07,€600.21,€648.35,€694.49,€744.10,€759.83,€825.16,€860.25,€875.98,€908.65,€925.59,€942.53,€975.19,€990.92,€1024.80,€1057.47,€1074.41,€1107.07,€1124.01,€1140.95,€1155.47,€1172.41,€1206.29,€1238.95,€1255.89,€1289.77,€1305.50,€1321.23,€1355.10,€1372.04,€1404.71
NL,DE,84,Import,€72.08,€108.14,€171.11,€202.80,€307.76,€287.97,€355.92,€407.66,€455.80,€503.94,€552.07,€600.21,€648.35,€694.49,€744.10,€759.83,€825.16,€860.25,€875.98,€908.65,€925.59,€942.53,€975.19,€990.92,€1024.80,€1057.47,€1074.41,€1107.07,€1124.01,€1140.95,€1155.47,€1172.41,€1206.29,€1238.95,€1255.89,€1289.77,€1305.50,€1321.23,€1355.10,€1372.04,€1404.71
NL,DE,85,Import,€72.08,€108.14,€171.11,€202.80,€307.76,€287.97,€355.92,€407.66,€455.80,€503.94,€552.07,€600.21,€648.35,€694.49,€744.10,€759.83,€825.16,€860.25,€875.98,€908.65,€925.59,€942.53,€975.19,€990.92,€1024.80,€1057.47,€1074.41,€1107.07,€1124.01,€1140.95,€1155.47,€1172.41,€1206.29,€1238.95,€1255.89,€1289.77,€1305.50,€1321.23,€1355.10,€1372.04,€1404.71
NL,DE,86,Import,€72.08,€108.14,€171.11,€202.80,€307.76,€287.97,€355.92,€407.66,€455.80,€503.94,€552.07,€600.21,€648.35,€694.49,€744.10,€759.83,€825.16,€860.25,€875.98,€908.65,€925.59,€942.53,€975.19,€990.92,€1024.80,€1057.47,€1074.41,€1107.07,€1124.01,€1140.95,€1155.47,€1172.41,€1206.29,€1238.95,€1255.89,€1289.77,€1305.50,€1321.23,€1355.10,€1372.04,€1404.71
NL,DE,87,Import,€72.08,€108.14,€171.11,€202.80,€307.76,€287.97,€355.92,€407.66,€455.80,€503.94,€552.07,€600.21,€648.35,€694.49,€744.10,€759.83,€825.16,€860.25,€875.98,€908.65,€925.59,€942.53,€975.19,€990.92,€1024.80,€1057.47,€1074.41,€1107.07,€1124.01,€1140.95,€1155.47,€1172.41,€1206.29,€1238.95,€1255.89,€1289.77,€1305.50,€1321.23,€1355.10,€1372.04,€1404.71
NL,DE,88,Import,€72.08,€108.14,€171.11,€202.80,€307.76,€287.97,€355.92,€407.66,€455.80,€503.94,€552.07,€600.21,€648.35,€694.49,€744.10,€759.83,€825.16,€860.25,€875.98,€908.65,€925.59,€942.53,€975.19,€990.92,€1024.80,€1057.47,€1074.41,€1107.07,€1124.01,€1140.95,€1155.47,€1172.41,€1206.29,€1238.95,€1255.89,€1289.77,€1305.50,€1321.23,€1355.10,€1372.04,€1404.71
NL,DE,89,Import,€68.26,€99.93,€155.52,€186.87,€278.78,€264.78,€325.96,€387.15,€448.33,€509.51,€548.09,€596.49,€626.73,€659.40,€705.38,€722.32,€784.02,€815.48,€830.00,€862.67,€877.19,€892.92,€925.59,€941.32,€971.56,€1003.02,€1019.96,€1051.41,€1064.73,€1080.45,€1099.81,€1114.33,€1144.57,€1174.83,€1191.76,€1223.22,€1238.95,€1254.68,€1286.14,€1301.87,€1332.11
NL,DE,90,Import,€68.26,€99.93,€155.52,€186.87,€278.78,€264.78,€325.96,€387.15,€448.33,€509.51,€548.09,€596.49,€626.73,€659.40,€705.38,€722.32,€784.02,€815.48,€830.00,€862.67,€877.19,€892.92,€925.59,€941.32,€971.56,€1003.02,€1019.96,€1051.41,€1064.73,€1080.45,€1099.81,€1114.33,€1144.57,€1174.83,€1191.76,€1223.22,€1238.95,€1254.68,€1286.14,€1301.87,€1332.11
NL,DE,91,Import,€68.26,€99.93,€155.52,€186.87,€278.78,€264.78,€325.96,€387.15,€448.33,€509.51,€548.09,€596.49,€626.73,€659.40,€705.38,€722.32,€784.02,€815.48,€830.00,€862.67,€877.19,€892.92,€925.59,€941.32,€971.56,€1003.02,€1019.96,€1051.41,€1064.73,€1080.45,€1099.81,€1114.33,€1144.57,€1174.83,€1191.76,€1223.22,€1238.95,€1254.68,€1286.14,€1301.87,€1332.11
NL,DE,92,Import,€68.26,€99.93,€155.52,€186.87,€278.78,€264.78,€325.96,€387.15,€448.33,€509.51,€548.09,€596.49,€626.73,€659.40,€705.38,€722.32,€784.02,€815.48,€830.00,€862.67,€877.19,€892.92,€925.59,€941.32,€971.56,€1003.02,€1019.96,€1051.41,€1064.73,€1080.45,€1099.81,€1114.33,€1144.57,€1174.83,€1191.76,€1223.22,€1238.95,€1254.68,€1286.14,€1301.87,€1332.11
NL,DE,93,Import,€72.08,€108.14,€171.11,€202.80,€307.76,€287.97,€355.92,€407.66,€455.80,€503.94,€552.07,€600.21,€648.35,€694.49,€744.10,€759.83,€825.16,€860.25,€875.98,€908.65,€925.59,€942.53,€975.19,€990.92,€1024.80,€1057.47,€1074.41,€1107.07,€1124.01,€1140.95,€1155.47,€1172.41,€1206.29,€1238.95,€1255.89,€1289.77,€1305.50,€1321.23,€1355.10,€1372.04,€1404.71
NL,DE,94,Import,€72.08,€108.14,€171.11,€202.80,€307.76,€287.97,€355.92,€407.66,€455.80,€503.94,€552.07,€600.21,€648.35,€694.49,€744.10,€759.83,€825.16,€860.25,€875.98,€908.65,€925.59,€942.53,€975.19,€990.92,€1024.80,€1057.47,€1074.41,€1107.07,€1124.01,€1140.95,€1155.47,€1172.41,€1206.29,€1238.95,€1255.89,€1289.77,€1305.50,€1321.23,€1355.10,€1372.04,€1404.71
NL,DE,95,Import,€68.26,€99.93,€155.52,€186.87,€278.78,€264.78,€325.96,€387.15,€448.33,€509.51,€548.09,€596.49,€626.73,€659.40,€705.38,€722.32,€784.02,€815.48,€830.00,€862.67,€877.19,€892.92,€925.59,€941.32,€971.56,€1003.02,€1019.96,€1051.41,€1064.73,€1080.45,€1099.81,€1114.33,€1144.57,€1174.83,€1191.76,€1223.22,€1238.95,€1254.68,€1286.14,€1301.87,€1332.11
NL,DE,96,Import,€67.49,€98.64,€152.17,€183.93,€270.91,€259.57,€318.95,€365.39,€417.42,€442.83,€454.92,€494.85,€520.26,€546.89,€584.39,€600.12,€649.72,€677.55,€688.44,€715.06,€728.37,€741.67,€768.30,€779.19,€805.80,€833.63,€845.73,€871.14,€884.45,€896.54,€911.07,€924.38,€949.79,€976.40,€988.50,€1015.12,€1028.42,€1040.53,€1067.14,€1079.24,€1105.86
NL,DE,97,Import,€66.07,€94.92,€145.83,€176.76,€258.86,€251.12,€308.17,€332.73,€378.70,€402.90,€417.42,€450.09,€474.29,€499.70,€534.78,€546.89,€595.27,€617.05,€630.37,€653.36,€665.45,€678.77,€701.75,€711.43,€735.63,€759.83,€771.93,€796.12,€809.44,€819.11,€833.63,€843.31,€867.51,€890.49,€902.60,€928.00,€938.89,€950.99,€975.19,€986.08,€1010.28
NL,DE,98,Import,€67.49,€98.64,€152.17,€183.93,€270.91,€259.57,€318.95,€365.39,€417.42,€442.83,€454.92,€494.85,€520.26,€546.89,€584.39,€600.12,€649.72,€677.55,€688.44,€715.06,€728.37,€741.67,€768.30,€779.19,€805.80,€833.63,€845.73,€871.14,€884.45,€896.54,€911.07,€924.38,€949.79,€976.40,€988.50,€1015.12,€1028.42,€1040.53,€1067.14,€1079.24,€1105.86
NL,DE,99,Import,€67.49,€98.64,€152.17,€183.93,€270.91,€259.57,€318.95,€365.39,€417.42,€442.83,€454.92,€494.85,€520.26,€546.89,€584.39,€600.12,€649.72,€677.55,€688.44,€715.06,€728.37,€741.67,€768.30,€779.19,€805.80,€833.63,€845.73,€871.14,€884.45,€896.54,€911.07,€924.38,€949.79,€976.40,€988.50,€1015.12,€1028.42,€1040.53,€1067.14,€1079.24,€1105.86
