Zone Netherlands,Country,ZIP,Flow,LDM-0.4,LDM-0.5,LDM-0.8,LDM-1.0,LDM-1.2,LDM-1.5,LDM-1.6,LDM-2.0,LDM-2.4,LDM-2.5,LDM-2.8,LDM-3.0,LDM-3.2,LDM-3.5,LDM-3.6,LDM-4.0,LDM-4.4,LDM-4.5,LDM-4.8,LDM-5.0,LDM-5.2,LDM-5.6,LDM-6.0,LDM-6.5,LDM-6.8,LDM-7.2,LDM-7.6,LDM-8.0,LDM-8.5,LDM-8.8,LDM-9.2,LDM-9.6,LDM-10.0,LDM-10.5,LDM-10.8,LDM-11.2,LDM-11.6,LDM-12.0,LDM-12.4,LDM-12.8,LDM-13.6
NL,FR,2,Import,€141,€146,€153,€158,€164,€179,€181,€198,€220,€222,€232,€245,€247,€252,€258,€267,€279,€290,€296,€304,€314,€324,€337,€346,€356,€381,€393,€403,€412,€426,€434,€443,€453,€461,€469,€478,€487,€496,€506,€513,€528
NL,FR,59,Import,€141,€146,€153,€158,€164,€179,€181,€198,€220,€222,€232,€245,€247,€252,€258,€267,€279,€290,€296,€304,€314,€324,€337,€346,€356,€381,€393,€403,€412,€426,€434,€443,€453,€461,€469,€478,€487,€496,€506,€513,€528
NL,FR,62,Import,€141,€146,€153,€158,€164,€179,€181,€198,€220,€222,€232,€245,€247,€252,€258,€267,€279,€290,€296,€304,€314,€324,€337,€346,€356,€381,€393,€403,€412,€426,€434,€443,€453,€461,€469,€478,€487,€496,€506,€513,€528
NL,FR,8,Import,€155,€166,€175,€180,€187,€210,€215,€231,€259,€260,€283,€292,€297,€315,€319,€326,€338,€352,€375,€392,€404,€418,€431,€445,€457,€471,€484,€497,€510,€524,€534,€546,€556,€567,€578,€589,€602,€613,€622,€635,€645
NL,FR,54,Import,€155,€166,€175,€180,€187,€210,€215,€231,€259,€260,€283,€292,€297,€315,€319,€326,€338,€352,€375,€392,€404,€418,€431,€445,€457,€471,€484,€497,€510,€524,€534,€546,€556,€567,€578,€589,€602,€613,€622,€635,€645
NL,FR,57,Import,€155,€166,€175,€180,€187,€210,€215,€231,€259,€260,€283,€292,€297,€315,€319,€326,€338,€352,€375,€392,€404,€418,€431,€445,€457,€471,€484,€497,€510,€524,€534,€546,€556,€567,€578,€589,€602,€613,€622,€635,€645
NL,FR,60,Import,€155,€166,€175,€180,€187,€210,€215,€231,€259,€260,€283,€292,€297,€315,€319,€326,€338,€352,€375,€392,€404,€418,€431,€445,€457,€471,€484,€497,€510,€524,€534,€546,€556,€567,€578,€589,€602,€613,€622,€635,€645
NL,FR,80,Import,€155,€166,€175,€180,€187,€210,€215,€231,€259,€260,€283,€292,€297,€315,€319,€326,€338,€352,€375,€392,€404,€418,€431,€445,€457,€471,€484,€497,€510,€524,€534,€546,€556,€567,€578,€589,€602,€613,€622,€635,€645
NL,FR,76,Import,€162,€170,€179,€190,€199,€217,€224,€242,€270,€273,€297,€309,€314,€329,€335,€342,€355,€371,€390,€410,€424,€437,€452,€464,€478,€491,€505,€519,€533,€548,€558,€570,€580,€594,€606,€616,€629,€640,€650,€662,€676
NL,FR,77,Import,€162,€170,€179,€190,€199,€217,€224,€242,€270,€273,€297,€309,€314,€329,€335,€342,€355,€371,€390,€410,€424,€437,€452,€464,€478,€491,€505,€519,€533,€548,€558,€570,€580,€594,€606,€616,€629,€640,€650,€662,€676
NL,FR,78,Import,€162,€170,€179,€190,€199,€217,€224,€242,€270,€273,€297,€309,€314,€329,€335,€342,€355,€371,€390,€410,€424,€437,€452,€464,€478,€491,€505,€519,€533,€548,€558,€570,€580,€594,€606,€616,€629,€640,€650,€662,€676
NL,FR,91,Import,€162,€170,€179,€190,€199,€217,€224,€242,€270,€273,€297,€309,€314,€329,€335,€342,€355,€371,€390,€410,€424,€437,€452,€464,€478,€491,€505,€519,€533,€548,€558,€570,€580,€594,€606,€616,€629,€640,€650,€662,€676
NL,FR,92,Import,€162,€170,€179,€190,€199,€217,€224,€242,€270,€273,€297,€309,€314,€329,€335,€342,€355,€371,€390,€410,€424,€437,€452,€464,€478,€491,€505,€519,€533,€548,€558,€570,€580,€594,€606,€616,€629,€640,€650,€662,€676
NL,FR,93,Import,€162,€170,€179,€190,€199,€217,€224,€242,€270,€273,€297,€309,€314,€329,€335,€342,€355,€371,€390,€410,€424,€437,€452,€464,€478,€491,€505,€519,€533,€548,€558,€570,€580,€594,€606,€616,€629,€640,€650,€662,€676
NL,FR,94,Import,€162,€170,€179,€190,€199,€217,€224,€242,€270,€273,€297,€309,€314,€329,€335,€342,€355,€371,€390,€410,€424,€437,€452,€464,€478,€491,€505,€519,€533,€548,€558,€570,€580,€594,€606,€616,€629,€640,€650,€662,€676
NL,FR,95,Import,€162,€170,€179,€190,€199,€217,€224,€242,€270,€273,€297,€309,€314,€329,€335,€342,€355,€371,€390,€410,€424,€437,€452,€464,€478,€491,€505,€519,€533,€548,€558,€570,€580,€594,€606,€616,€629,€640,€650,€662,€676
NL,FR,10,Import,€185,€193,€202,€211,€217,€235,€241,€259,€297,€299,€308,€320,€322,€337,€350,€365,€379,€391,€404,€420,€433,€446,€462,€474,€491,€505,€527,€543,€567,€588,€610,€632,€645,€658,€667,€677,€690,€700,€711,€722,€729
NL,FR,27,Import,€185,€193,€202,€211,€217,€235,€241,€259,€297,€299,€308,€320,€322,€337,€350,€365,€379,€391,€404,€420,€433,€446,€462,€474,€491,€505,€527,€543,€567,€588,€610,€632,€645,€658,€667,€677,€690,€700,€711,€722,€729
NL,FR,28,Import,€185,€193,€202,€211,€217,€235,€241,€259,€297,€299,€308,€320,€322,€337,€350,€365,€379,€391,€404,€420,€433,€446,€462,€474,€491,€505,€527,€543,€567,€588,€610,€632,€645,€658,€667,€677,€690,€700,€711,€722,€729
NL,FR,51,Import,€185,€193,€202,€211,€217,€235,€241,€259,€297,€299,€308,€320,€322,€337,€350,€365,€379,€391,€404,€420,€433,€446,€462,€474,€491,€505,€527,€543,€567,€588,€610,€632,€645,€658,€667,€677,€690,€700,€711,€722,€729
NL,FR,52,Import,€185,€193,€202,€211,€217,€235,€241,€259,€297,€299,€308,€320,€322,€337,€350,€365,€379,€391,€404,€420,€433,€446,€462,€474,€491,€505,€527,€543,€567,€588,€610,€632,€645,€658,€667,€677,€690,€700,€711,€722,€729
NL,FR,52,Import,€185,€193,€202,€211,€217,€235,€241,€259,€297,€299,€308,€320,€322,€337,€350,€365,€379,€391,€404,€420,€433,€446,€462,€474,€491,€505,€527,€543,€567,€588,€610,€632,€645,€658,€667,€677,€690,€700,€711,€722,€729
NL,FR,55,Import,€185,€193,€202,€211,€217,€235,€241,€259,€297,€299,€308,€320,€322,€337,€350,€365,€379,€391,€404,€420,€433,€446,€462,€474,€491,€505,€527,€543,€567,€588,€610,€632,€645,€658,€667,€677,€690,€700,€711,€722,€729
NL,FR,67,Import,€185,€193,€202,€211,€217,€235,€241,€259,€297,€299,€308,€320,€322,€337,€350,€365,€379,€391,€404,€420,€433,€446,€462,€474,€491,€505,€527,€543,€567,€588,€610,€632,€645,€658,€667,€677,€690,€700,€711,€722,€729
NL,FR,75,Import,€185,€193,€202,€211,€217,€235,€241,€259,€297,€299,€308,€320,€322,€337,€350,€365,€379,€391,€404,€420,€433,€446,€462,€474,€491,€505,€527,€543,€567,€588,€610,€632,€645,€658,€667,€677,€690,€700,€711,€722,€729
NL,FR,88,Import,€185,€193,€202,€211,€217,€235,€241,€259,€297,€299,€308,€320,€322,€337,€350,€365,€379,€391,€404,€420,€433,€446,€462,€474,€491,€505,€527,€543,€567,€588,€610,€632,€645,€658,€667,€677,€690,€700,€711,€722,€729
NL,FR,89,Import,€185,€193,€202,€211,€217,€235,€241,€259,€297,€299,€308,€320,€322,€337,€350,€365,€379,€391,€404,€420,€433,€446,€462,€474,€491,€505,€527,€543,€567,€588,€610,€632,€645,€658,€667,€677,€690,€700,€711,€722,€729
NL,FR,14,Import,€190,€214,€251,€270,€276,€295,€299,€350,€390,€393,€406,€421,€428,€435,€443,€452,€461,€491,€505,€510,€515,€529,€541,€576,€592,€606,€619,€635,€650,€666,€676,€691,€703,€717,€731,€743,€762,€774,€792,€800,€804
NL,FR,21,Import,€190,€214,€251,€270,€276,€295,€299,€350,€390,€393,€406,€421,€428,€435,€443,€452,€461,€491,€505,€510,€515,€529,€541,€576,€592,€606,€619,€635,€650,€666,€676,€691,€703,€717,€731,€743,€762,€774,€792,€800,€804
NL,FR,25,Import,€190,€214,€251,€270,€276,€295,€299,€350,€390,€393,€406,€421,€428,€435,€443,€452,€461,€491,€505,€510,€515,€529,€541,€576,€592,€606,€619,€635,€650,€666,€676,€691,€703,€717,€731,€743,€762,€774,€792,€800,€804
NL,FR,39,Import,€190,€214,€251,€270,€276,€295,€299,€350,€390,€393,€406,€421,€428,€435,€443,€452,€461,€491,€505,€510,€515,€529,€541,€576,€592,€606,€619,€635,€650,€666,€676,€691,€703,€717,€731,€743,€762,€774,€792,€800,€804
NL,FR,41,Import,€190,€214,€251,€270,€276,€295,€299,€350,€390,€393,€406,€421,€428,€435,€443,€452,€461,€491,€505,€510,€515,€529,€541,€576,€592,€606,€619,€635,€650,€666,€676,€691,€703,€717,€731,€743,€762,€774,€792,€800,€804
NL,FR,45,Import,€190,€214,€251,€270,€276,€295,€299,€350,€390,€393,€406,€421,€428,€435,€443,€452,€461,€491,€505,€510,€515,€529,€541,€576,€592,€606,€619,€635,€650,€666,€676,€691,€703,€717,€731,€743,€762,€774,€792,€800,€804
NL,FR,58,Import,€190,€214,€251,€270,€276,€295,€299,€350,€390,€393,€406,€421,€428,€435,€443,€452,€461,€491,€505,€510,€515,€529,€541,€576,€592,€606,€619,€635,€650,€666,€676,€691,€703,€717,€731,€743,€762,€774,€792,€800,€804
NL,FR,68,Import,€190,€214,€251,€270,€276,€295,€299,€350,€390,€393,€406,€421,€428,€435,€443,€452,€461,€491,€505,€510,€515,€529,€541,€576,€592,€606,€619,€635,€650,€666,€676,€691,€703,€717,€731,€743,€762,€774,€792,€800,€804
NL,FR,70,Import,€190,€214,€251,€270,€276,€295,€299,€350,€390,€393,€406,€421,€428,€435,€443,€452,€461,€491,€505,€510,€515,€529,€541,€576,€592,€606,€619,€635,€650,€666,€676,€691,€703,€717,€731,€743,€762,€774,€792,€800,€804
NL,FR,72,Import,€190,€214,€251,€270,€276,€295,€299,€350,€390,€393,€406,€421,€428,€435,€443,€452,€461,€491,€505,€510,€515,€529,€541,€576,€592,€606,€619,€635,€650,€666,€676,€691,€703,€717,€731,€743,€762,€774,€792,€800,€804
NL,FR,90,Import,€190,€214,€251,€270,€276,€295,€299,€350,€390,€393,€406,€421,€428,€435,€443,€452,€461,€491,€505,€510,€515,€529,€541,€576,€592,€606,€619,€635,€650,€666,€676,€691,€703,€717,€731,€743,€762,€774,€792,€800,€804
NL,FR,18,Import,€199,€229,€252,€282,€292,€317,€324,€362,€403,€407,€417,€431,€436,€445,€458,€468,€485,€496,€510,€524,€536,€550,€562,€581,€598,€620,€640,€645,€655,€666,€683,€720,€737,€752,€774,€791,€811,€825,€838,€857,€866
NL,FR,36,Import,€199,€229,€252,€282,€292,€317,€324,€362,€403,€407,€417,€431,€436,€445,€458,€468,€485,€496,€510,€524,€536,€550,€562,€581,€598,€620,€640,€645,€655,€666,€683,€720,€737,€752,€774,€791,€811,€825,€838,€857,€866
NL,FR,37,Import,€199,€229,€252,€282,€292,€317,€324,€362,€403,€407,€417,€431,€436,€445,€458,€468,€485,€496,€510,€524,€536,€550,€562,€581,€598,€620,€640,€645,€655,€666,€683,€720,€737,€752,€774,€791,€811,€825,€838,€857,€866
NL,FR,44,Import,€199,€229,€252,€282,€292,€317,€324,€362,€403,€407,€417,€431,€436,€445,€458,€468,€485,€496,€510,€524,€536,€550,€562,€581,€598,€620,€640,€645,€655,€666,€683,€720,€737,€752,€774,€791,€811,€825,€838,€857,€866
NL,FR,49,Import,€199,€229,€252,€282,€292,€317,€324,€362,€403,€407,€417,€431,€436,€445,€458,€468,€485,€496,€510,€524,€536,€550,€562,€581,€598,€620,€640,€645,€655,€666,€683,€720,€737,€752,€774,€791,€811,€825,€838,€857,€866
NL,FR,50,Import,€199,€229,€252,€282,€292,€317,€324,€362,€403,€407,€417,€431,€436,€445,€458,€468,€485,€496,€510,€524,€536,€550,€562,€581,€598,€620,€640,€645,€655,€666,€683,€720,€737,€752,€774,€791,€811,€825,€838,€857,€866
NL,FR,53,Import,€199,€229,€252,€282,€292,€317,€324,€362,€403,€407,€417,€431,€436,€445,€458,€468,€485,€496,€510,€524,€536,€550,€562,€581,€598,€620,€640,€645,€655,€666,€683,€720,€737,€752,€774,€791,€811,€825,€838,€857,€866
NL,FR,61,Import,€199,€229,€252,€282,€292,€317,€324,€362,€403,€407,€417,€431,€436,€445,€458,€468,€485,€496,€510,€524,€536,€550,€562,€581,€598,€620,€640,€645,€655,€666,€683,€720,€737,€752,€774,€791,€811,€825,€838,€857,€866
NL,FR,71,Import,€199,€229,€252,€282,€292,€317,€324,€362,€403,€407,€417,€431,€436,€445,€458,€468,€485,€496,€510,€524,€536,€550,€562,€581,€598,€620,€640,€645,€655,€666,€683,€720,€737,€752,€774,€791,€811,€825,€838,€857,€866
NL,FR,1,Import,€213,€243,€260,€283,€299,€329,€333,€382,€431,€435,€443,€457,€453,€464,€472,€483,€492,€514,€525,€537,€549,€564,€577,€620,€639,€652,€686,€694,€701,€709,€727,€767,€785,€801,€825,€843,€866,€878,€894,€914,€945
NL,FR,3,Import,€213,€243,€260,€283,€299,€329,€333,€382,€431,€435,€443,€457,€453,€464,€472,€483,€492,€514,€525,€537,€549,€564,€577,€620,€639,€652,€686,€694,€701,€709,€727,€767,€785,€801,€825,€843,€866,€878,€894,€914,€945
NL,FR,35,Import,€213,€243,€260,€283,€299,€329,€333,€382,€431,€435,€443,€457,€453,€464,€472,€483,€492,€514,€525,€537,€549,€564,€577,€620,€639,€652,€686,€694,€701,€709,€727,€767,€785,€801,€825,€843,€866,€878,€894,€914,€945
NL,FR,79,Import,€213,€243,€260,€283,€299,€329,€333,€382,€431,€435,€443,€457,€453,€464,€472,€483,€492,€514,€525,€537,€549,€564,€577,€620,€639,€652,€686,€694,€701,€709,€727,€767,€785,€801,€825,€843,€866,€878,€894,€914,€945
NL,FR,85,Import,€213,€243,€260,€283,€299,€329,€333,€382,€431,€435,€443,€457,€453,€464,€472,€483,€492,€514,€525,€537,€549,€564,€577,€620,€639,€652,€686,€694,€701,€709,€727,€767,€785,€801,€825,€843,€866,€878,€894,€914,€945
NL,FR,86,Import,€213,€243,€260,€283,€299,€329,€333,€382,€431,€435,€443,€457,€453,€464,€472,€483,€492,€514,€525,€537,€549,€564,€577,€620,€639,€652,€686,€694,€701,€709,€727,€767,€785,€801,€825,€843,€866,€878,€894,€914,€945
NL,FR,16,Import,€229,€259,€273,€304,€322,€352,€362,€412,€450,€455,€463,€487,€496,€499,€509,€519,€530,€545,€561,€577,€590,€607,€621,€666,€687,€710,€738,€744,€752,€762,€784,€826,€846,€862,€887,€906,€931,€946,€961,€985,"€1,017"
NL,FR,17,Import,€229,€259,€273,€304,€322,€352,€362,€412,€450,€455,€463,€487,€496,€499,€509,€519,€530,€545,€561,€577,€590,€607,€621,€666,€687,€710,€738,€744,€752,€762,€784,€826,€846,€862,€887,€906,€931,€946,€961,€985,"€1,017"
NL,FR,23,Import,€229,€259,€273,€304,€322,€352,€362,€412,€450,€455,€463,€487,€496,€499,€509,€519,€530,€545,€561,€577,€590,€607,€621,€666,€687,€710,€738,€744,€752,€762,€784,€826,€846,€862,€887,€906,€931,€946,€961,€985,"€1,017"
NL,FR,38,Import,€229,€259,€273,€304,€322,€352,€362,€412,€450,€455,€463,€487,€496,€499,€509,€519,€530,€545,€561,€577,€590,€607,€621,€666,€687,€710,€738,€744,€752,€762,€784,€826,€846,€862,€887,€906,€931,€946,€961,€985,"€1,017"
NL,FR,42,Import,€229,€259,€273,€304,€322,€352,€362,€412,€450,€455,€463,€487,€496,€499,€509,€519,€530,€545,€561,€577,€590,€607,€621,€666,€687,€710,€738,€744,€752,€762,€784,€826,€846,€862,€887,€906,€931,€946,€961,€985,"€1,017"
NL,FR,56,Import,€229,€259,€273,€304,€322,€352,€362,€412,€450,€455,€463,€487,€496,€499,€509,€519,€530,€545,€561,€577,€590,€607,€621,€666,€687,€710,€738,€744,€752,€762,€784,€826,€846,€862,€887,€906,€931,€946,€961,€985,"€1,017"
NL,FR,63,Import,€229,€259,€273,€304,€322,€352,€362,€412,€450,€455,€463,€487,€496,€499,€509,€519,€530,€545,€561,€577,€590,€607,€621,€666,€687,€710,€738,€744,€752,€762,€784,€826,€846,€862,€887,€906,€931,€946,€961,€985,"€1,017"
NL,FR,69,Import,€229,€259,€273,€304,€322,€352,€362,€412,€450,€455,€463,€487,€496,€499,€509,€519,€530,€545,€561,€577,€590,€607,€621,€666,€687,€710,€738,€744,€752,€762,€784,€826,€846,€862,€887,€906,€931,€946,€961,€985,"€1,017"
NL,FR,87,Import,€229,€259,€273,€304,€322,€352,€362,€412,€450,€455,€463,€487,€496,€499,€509,€519,€530,€545,€561,€577,€590,€607,€621,€666,€687,€710,€738,€744,€752,€762,€784,€826,€846,€862,€887,€906,€931,€946,€961,€985,"€1,017"
NL,FR,7,Import,€236,€266,€290,€319,€332,€365,€374,€410,€464,€473,€482,€505,€508,€528,€541,€559,€571,€586,€603,€619,€636,€651,€668,€716,€741,€764,€789,€793,€803,€819,€843,€887,€909,€928,€956,€974,"€1,001","€1,017","€1,034","€1,060","€1,097"
NL,FR,22,Import,€236,€266,€290,€319,€332,€365,€374,€410,€464,€473,€482,€505,€508,€528,€541,€559,€571,€586,€603,€619,€636,€651,€668,€716,€741,€764,€789,€793,€803,€819,€843,€887,€909,€928,€956,€974,"€1,001","€1,017","€1,034","€1,060","€1,097"
NL,FR,26,Import,€236,€266,€290,€319,€332,€365,€374,€410,€464,€473,€482,€505,€508,€528,€541,€559,€571,€586,€603,€619,€636,€651,€668,€716,€741,€764,€789,€793,€803,€819,€843,€887,€909,€928,€956,€974,"€1,001","€1,017","€1,034","€1,060","€1,097"
NL,FR,33,Import,€236,€266,€290,€319,€332,€365,€374,€410,€464,€473,€482,€505,€508,€528,€541,€559,€571,€586,€603,€619,€636,€651,€668,€716,€741,€764,€789,€793,€803,€819,€843,€887,€909,€928,€956,€974,"€1,001","€1,017","€1,034","€1,060","€1,097"
NL,FR,19,Import,€250,€279,€311,€342,€357,€395,€402,€448,€504,€509,€522,€565,€576,€605,€614,€667,€706,€726,€744,€763,€782,€820,€856,€892,€923,€955,€987,"€1,017","€1,047","€1,075","€1,083","€1,094","€1,105","€1,114","€1,126","€1,134","€1,145","€1,152","€1,161","€1,170","€1,178"
NL,FR,24,Import,€250,€279,€311,€342,€357,€395,€402,€448,€504,€509,€522,€565,€576,€605,€614,€667,€706,€726,€744,€763,€782,€820,€856,€892,€923,€955,€987,"€1,017","€1,047","€1,075","€1,083","€1,094","€1,105","€1,114","€1,126","€1,134","€1,145","€1,152","€1,161","€1,170","€1,178"
NL,FR,46,Import,€250,€279,€311,€342,€357,€395,€402,€448,€504,€509,€522,€565,€576,€605,€614,€667,€706,€726,€744,€763,€782,€820,€856,€892,€923,€955,€987,"€1,017","€1,047","€1,075","€1,083","€1,094","€1,105","€1,114","€1,126","€1,134","€1,145","€1,152","€1,161","€1,170","€1,178"
NL,FR,48,Import,€250,€279,€311,€342,€357,€395,€402,€448,€504,€509,€522,€565,€576,€605,€614,€667,€706,€726,€744,€763,€782,€820,€856,€892,€923,€955,€987,"€1,017","€1,047","€1,075","€1,083","€1,094","€1,105","€1,114","€1,126","€1,134","€1,145","€1,152","€1,161","€1,170","€1,178"
NL,FR,12,Import,€259,€288,€326,€356,€379,€422,€429,€471,€534,€541,€564,€586,€596,€619,€633,€678,€725,€746,€771,€790,€808,€848,€886,€927,€962,"€1,004","€1,044","€1,077","€1,113","€1,147","€1,174","€1,202","€1,224","€1,236","€1,247","€1,253","€1,259","€1,266","€1,275","€1,281","€1,289"
NL,FR,13,Import,€259,€288,€326,€356,€379,€422,€429,€471,€534,€541,€564,€586,€596,€619,€633,€678,€725,€746,€771,€790,€808,€848,€886,€927,€962,"€1,004","€1,044","€1,077","€1,113","€1,147","€1,174","€1,202","€1,224","€1,236","€1,247","€1,253","€1,259","€1,266","€1,275","€1,281","€1,289"
NL,FR,29,Import,€259,€288,€326,€356,€379,€422,€429,€471,€534,€541,€564,€586,€596,€619,€633,€678,€725,€746,€771,€790,€808,€848,€886,€927,€962,"€1,004","€1,044","€1,077","€1,113","€1,147","€1,174","€1,202","€1,224","€1,236","€1,247","€1,253","€1,259","€1,266","€1,275","€1,281","€1,289"
NL,FR,30,Import,€259,€288,€326,€356,€379,€422,€429,€471,€534,€541,€564,€586,€596,€619,€633,€678,€725,€746,€771,€790,€808,€848,€886,€927,€962,"€1,004","€1,044","€1,077","€1,113","€1,147","€1,174","€1,202","€1,224","€1,236","€1,247","€1,253","€1,259","€1,266","€1,275","€1,281","€1,289"
NL,FR,34,Import,€259,€288,€326,€356,€379,€422,€429,€471,€534,€541,€564,€586,€596,€619,€633,€678,€725,€746,€771,€790,€808,€848,€886,€927,€962,"€1,004","€1,044","€1,077","€1,113","€1,147","€1,174","€1,202","€1,224","€1,236","€1,247","€1,253","€1,259","€1,266","€1,275","€1,281","€1,289"
NL,FR,47,Import,€259,€288,€326,€356,€379,€422,€429,€471,€534,€541,€564,€586,€596,€619,€633,€678,€725,€746,€771,€790,€808,€848,€886,€927,€962,"€1,004","€1,044","€1,077","€1,113","€1,147","€1,174","€1,202","€1,224","€1,236","€1,247","€1,253","€1,259","€1,266","€1,275","€1,281","€1,289"
NL,FR,82,Import,€259,€288,€326,€356,€379,€422,€429,€471,€534,€541,€564,€586,€596,€619,€633,€678,€725,€746,€771,€790,€808,€848,€886,€927,€962,"€1,004","€1,044","€1,077","€1,113","€1,147","€1,174","€1,202","€1,224","€1,236","€1,247","€1,253","€1,259","€1,266","€1,275","€1,281","€1,289"
NL,FR,83,Import,€259,€288,€326,€356,€379,€422,€429,€471,€534,€541,€564,€586,€596,€619,€633,€678,€725,€746,€771,€790,€808,€848,€886,€927,€962,"€1,004","€1,044","€1,077","€1,113","€1,147","€1,174","€1,202","€1,224","€1,236","€1,247","€1,253","€1,259","€1,266","€1,275","€1,281","€1,289"
NL,FR,4,Import,€266,€296,€341,€371,€401,€453,€462,€522,€550,€565,€603,€631,€634,€673,€689,€743,€798,€814,€852,€877,€908,€950,€993,"€1,036","€1,079","€1,123","€1,166","€1,212","€1,250","€1,289","€1,324","€1,361","€1,398","€1,418","€1,428","€1,434","€1,441","€1,449","€1,458","€1,463","€1,471"
NL,FR,5,Import,€266,€296,€341,€371,€401,€453,€462,€522,€550,€565,€603,€631,€634,€673,€689,€743,€798,€814,€852,€877,€908,€950,€993,"€1,036","€1,079","€1,123","€1,166","€1,212","€1,250","€1,289","€1,324","€1,361","€1,398","€1,418","€1,428","€1,434","€1,441","€1,449","€1,458","€1,463","€1,471"
NL,FR,6,Import,€266,€296,€341,€371,€401,€453,€462,€522,€550,€565,€603,€631,€634,€673,€689,€743,€798,€814,€852,€877,€908,€950,€993,"€1,036","€1,079","€1,123","€1,166","€1,212","€1,250","€1,289","€1,324","€1,361","€1,398","€1,418","€1,428","€1,434","€1,441","€1,449","€1,458","€1,463","€1,471"
NL,FR,9,Import,€266,€296,€341,€371,€401,€453,€462,€522,€550,€565,€603,€631,€634,€673,€689,€743,€798,€814,€852,€877,€908,€950,€993,"€1,036","€1,079","€1,123","€1,166","€1,212","€1,250","€1,289","€1,324","€1,361","€1,398","€1,418","€1,428","€1,434","€1,441","€1,449","€1,458","€1,463","€1,471"
NL,FR,11,Import,€266,€296,€341,€371,€401,€453,€462,€522,€550,€565,€603,€631,€634,€673,€689,€743,€798,€814,€852,€877,€908,€950,€993,"€1,036","€1,079","€1,123","€1,166","€1,212","€1,250","€1,289","€1,324","€1,361","€1,398","€1,418","€1,428","€1,434","€1,441","€1,449","€1,458","€1,463","€1,471"
NL,FR,31,Import,€266,€296,€341,€371,€401,€453,€462,€522,€550,€565,€603,€631,€634,€673,€689,€743,€798,€814,€852,€877,€908,€950,€993,"€1,036","€1,079","€1,123","€1,166","€1,212","€1,250","€1,289","€1,324","€1,361","€1,398","€1,418","€1,428","€1,434","€1,441","€1,449","€1,458","€1,463","€1,471"
NL,FR,15,Import,€266,€296,€341,€371,€401,€453,€462,€522,€550,€565,€603,€631,€634,€673,€689,€743,€798,€814,€852,€877,€908,€950,€993,"€1,036","€1,079","€1,123","€1,166","€1,212","€1,250","€1,289","€1,324","€1,361","€1,398","€1,418","€1,428","€1,434","€1,441","€1,449","€1,458","€1,463","€1,471"
NL,FR,43,Import,€266,€296,€341,€371,€401,€453,€462,€522,€550,€565,€603,€631,€634,€673,€689,€743,€798,€814,€852,€877,€908,€950,€993,"€1,036","€1,079","€1,123","€1,166","€1,212","€1,250","€1,289","€1,324","€1,361","€1,398","€1,418","€1,428","€1,434","€1,441","€1,449","€1,458","€1,463","€1,471"
NL,FR,73,Import,€266,€296,€341,€371,€401,€453,€462,€522,€550,€565,€603,€631,€634,€673,€689,€743,€798,€814,€852,€877,€908,€950,€993,"€1,036","€1,079","€1,123","€1,166","€1,212","€1,250","€1,289","€1,324","€1,361","€1,398","€1,418","€1,428","€1,434","€1,441","€1,449","€1,458","€1,463","€1,471"
NL,FR,74,Import,€266,€296,€341,€371,€401,€453,€462,€522,€550,€565,€603,€631,€634,€673,€689,€743,€798,€814,€852,€877,€908,€950,€993,"€1,036","€1,079","€1,123","€1,166","€1,212","€1,250","€1,289","€1,324","€1,361","€1,398","€1,418","€1,428","€1,434","€1,441","€1,449","€1,458","€1,463","€1,471"
NL,FR,32,Import,€266,€296,€341,€371,€401,€453,€462,€522,€550,€565,€603,€631,€634,€673,€689,€743,€798,€814,€852,€877,€908,€950,€993,"€1,036","€1,079","€1,123","€1,166","€1,212","€1,250","€1,289","€1,324","€1,361","€1,398","€1,418","€1,428","€1,434","€1,441","€1,449","€1,458","€1,463","€1,471"
NL,FR,40,Import,€266,€296,€341,€371,€401,€453,€462,€522,€550,€565,€603,€631,€634,€673,€689,€743,€798,€814,€852,€877,€908,€950,€993,"€1,036","€1,079","€1,123","€1,166","€1,212","€1,250","€1,289","€1,324","€1,361","€1,398","€1,418","€1,428","€1,434","€1,441","€1,449","€1,458","€1,463","€1,471"
NL,FR,48,Import,€266,€296,€341,€371,€401,€453,€462,€522,€550,€565,€603,€631,€634,€673,€689,€743,€798,€814,€852,€877,€908,€950,€993,"€1,036","€1,079","€1,123","€1,166","€1,212","€1,250","€1,289","€1,324","€1,361","€1,398","€1,418","€1,428","€1,434","€1,441","€1,449","€1,458","€1,463","€1,471"
NL,FR,64,Import,€266,€296,€341,€371,€401,€453,€462,€522,€550,€565,€603,€631,€634,€673,€689,€743,€798,€814,€852,€877,€908,€950,€993,"€1,036","€1,079","€1,123","€1,166","€1,212","€1,250","€1,289","€1,324","€1,361","€1,398","€1,418","€1,428","€1,434","€1,441","€1,449","€1,458","€1,463","€1,471"
NL,FR,65,Import,€266,€296,€341,€371,€401,€453,€462,€522,€550,€565,€603,€631,€634,€673,€689,€743,€798,€814,€852,€877,€908,€950,€993,"€1,036","€1,079","€1,123","€1,166","€1,212","€1,250","€1,289","€1,324","€1,361","€1,398","€1,418","€1,428","€1,434","€1,441","€1,449","€1,458","€1,463","€1,471"
NL,FR,66,Import,€266,€296,€341,€371,€401,€453,€462,€522,€550,€565,€603,€631,€634,€673,€689,€743,€798,€814,€852,€877,€908,€950,€993,"€1,036","€1,079","€1,123","€1,166","€1,212","€1,250","€1,289","€1,324","€1,361","€1,398","€1,418","€1,428","€1,434","€1,441","€1,449","€1,458","€1,463","€1,471"
NL,FR,81,Import,€266,€296,€341,€371,€401,€453,€462,€522,€550,€565,€603,€631,€634,€673,€689,€743,€798,€814,€852,€877,€908,€950,€993,"€1,036","€1,079","€1,123","€1,166","€1,212","€1,250","€1,289","€1,324","€1,361","€1,398","€1,418","€1,428","€1,434","€1,441","€1,449","€1,458","€1,463","€1,471"